{
  "_fv": 73,
  "_type": "recipe",
  "definition": {
    "recipeType": "Crafting",
    "recipeRetstackSize": 3,
    "group": "",
    "cookingBookCategory": "MISC",
    "xpReward": 0.0,
    "cookingTime": 200,
    "craftingBookCategory": "MISC",
    "recipeShapeless": false,
    "recipeSlots": [
      {
        "value": "Blocks.PLANKS#0"
      },
      {
        "value": "CUSTOM:Gear"
      },
      {
        "value": "Blocks.PLANKS#0"
      },
      {
        "value": "Blocks.PLANKS#0"
      },
      {
        "value": "Blocks.GLASS_PANE"
      },
      {
        "value": "Blocks.PLANKS#0"
      },
      {
        "value": "Blocks.PLANKS#0"
      },
      {
        "value": "Blocks.PLANKS#0"
      },
      {
        "value": "Blocks.PLANKS#0"
      }
    ],
    "recipeReturnStack": {
      "value": "CUSTOM:IngredientsCutter"
    },
    "name": "ingradients_cutter_crafting",
    "namespace": "mod"
  }
}