{
  "_fv": 73,
  "_type": "achievement",
  "definition": {
    "achievementName": "Its Cool",
    "achievementDescription": "Hit by the wind from the fan.",
    "achievementIcon": {
      "value": "CUSTOM:ShavedIce"
    },
    "background": "Default",
    "disableDisplay": false,
    "showPopup": true,
    "announceToChat": true,
    "hideIfNotCompleted": false,
    "rewardLoot": [],
    "rewardRecipes": [
      "WaterMelonShavedCrafting"
    ],
    "rewardXP": 0,
    "achievementType": "task",
    "parent": {
      "value": "No parent: root"
    },
    "triggerxml": "<xml xmlns=\"https://developers.google.com/blockly/xml\"><block type=\"advancement_trigger\" deletable=\"false\" x=\"40\" y=\"80\"><next><block type=\"custom_trigger\"></block></next></block></xml>"
  }
}