{
  "_fv": 73,
  "_type": "blockstates",
  "definition": {
    "block": "PolishedAndesiteBell",
    "blockstateList": [
      {
        "texture": "minecraft:polished_andesite",
        "textureTop": "",
        "textureLeft": "",
        "textureFront": "",
        "textureRight": "",
        "textureBack": "",
        "particleTexture": "",
        "renderType": 2,
        "customModelName": "bell_on:pa",
        "luminance": 0,
        "boundingBoxes": [
          {
            "mx": 6.0,
            "my": 6.0,
            "mz": 15.0,
            "Mx": 11.0,
            "My": 14.0,
            "Mz": 16.0,
            "subtract": false
          },
          {
            "mx": 7.5,
            "my": 9.0,
            "mz": 14.65,
            "Mx": 9.5,
            "My": 11.0,
            "Mz": 15.65,
            "subtract": false
          }
        ]
      }
    ]
  }
}