{
  "_fv": 73,
  "_type": "recipe",
  "definition": {
    "recipeType": "Crafting",
    "recipeRetstackSize": 6,
    "group": "",
    "cookingBookCategory": "MISC",
    "xpReward": 0.0,
    "cookingTime": 200,
    "craftingBookCategory": "MISC",
    "recipeShapeless": false,
    "recipeSlots": [
      {
        "value": "Blocks.STONE#6"
      },
      {
        "value": "Blocks.STONE#6"
      },
      {
        "value": "Blocks.STONE#6"
      },
      {
        "value": ""
      },
      {
        "value": "Blocks.STONE#6"
      },
      {
        "value": ""
      },
      {
        "value": ""
      },
      {
        "value": "Blocks.STONE#6"
      },
      {
        "value": ""
      }
    ],
    "recipeReturnStack": {
      "value": "CUSTOM:PolishedAndesiteTable"
    },
    "name": "polished_andesite_table_crafting",
    "namespace": "mod"
  }
}