{
  "_fv": 73,
  "_type": "recipe",
  "definition": {
    "recipeType": "Crafting",
    "recipeRetstackSize": 1,
    "group": "",
    "cookingBookCategory": "MISC",
    "xpReward": 0.0,
    "cookingTime": 200,
    "craftingBookCategory": "MISC",
    "recipeShapeless": false,
    "recipeSlots": [
      {
        "value": ""
      },
      {
        "value": ""
      },
      {
        "value": ""
      },
      {
        "value": ""
      },
      {
        "value": "Blocks.PLANKS#1"
      },
      {
        "value": "Blocks.CONCRETE#0"
      },
      {
        "value": ""
      },
      {
        "value": "Blocks.NOTEBLOCK"
      },
      {
        "value": ""
      }
    ],
    "recipeReturnStack": {
      "value": "CUSTOM:SpruceBell"
    },
    "name": "spruce_bell_crafting",
    "namespace": "mod"
  }
}