{
	"format_version": "1.8.0",
	"animations": {
		"animation.model.new": {
			"loop": true,
			"animation_length": 0.41667,
			"bones": {
				"bone": {
					"rotation": {
						"0.0": {
							"vector": [0, 0, 60]
						},
						"0.0833": {
							"vector": [0, 0, 120]
						},
						"0.1667": {
							"vector": [0, 0, 180]
						},
						"0.25": {
							"vector": [0, 0, 240]
						},
						"0.3333": {
							"vector": [0, 0, 300]
						},
						"0.4167": {
							"vector": [0, 0, 360]
						}
					}
				}
			}
		}
	},
	"geckolib_format_version": 2
}