{
  "_fv": 69,
  "_type": "recipe",
  "definition": {
    "recipeType": "Crafting",
    "recipeRetstackSize": 6,
    "group": "",
    "cookingBookCategory": "MISC",
    "xpReward": 0.0,
    "cookingTime": 200,
    "craftingBookCategory": "MISC",
    "recipeShapeless": false,
    "recipeSlots": [
      {
        "value": "Blocks.PLANKS#0"
      },
      {
        "value": "Blocks.PLANKS#0"
      },
      {
        "value": "Blocks.PLANKS#0"
      },
      {
        "value": "Blocks.PLANKS#0"
      },
      {
        "value": "Blocks.BOOKSHELF"
      },
      {
        "value": "Blocks.PLANKS#0"
      },
      {
        "value": "Blocks.PLANKS#0"
      },
      {
        "value": "Blocks.PLANKS#0"
      },
      {
        "value": "Blocks.PLANKS#0"
      }
    ],
    "recipeReturnStack": {
      "value": "CUSTOM:OakBookshelf"
    },
    "name": "oak_vertical_bookshelf_crafting",
    "namespace": "mod"
  }
}