{
  "_fv": 69,
  "_type": "gui",
  "definition": {
    "type": 1,
    "width": 176,
    "height": 166,
    "inventoryOffsetX": 0,
    "inventoryOffsetY": 0,
    "renderBgLayer": true,
    "doesPauseGame": false,
    "components": [
      {
        "type": "inputslot",
        "data": {
          "inputLimit": {
            "value": ""
          },
          "disablePlacement": {
            "fixedValue": false
          },
          "id": 0,
          "disablePickup": {
            "fixedValue": false
          },
          "dropItemsWhenNotBound": true,
          "x": 168,
          "y": 62
        }
      },
      {
        "type": "inputslot",
        "data": {
          "inputLimit": {
            "value": "CUSTOM:Fuel"
          },
          "disablePlacement": {
            "fixedValue": false
          },
          "id": 1,
          "disablePickup": {
            "fixedValue": false
          },
          "dropItemsWhenNotBound": true,
          "x": 204,
          "y": 80
        }
      },
      {
        "type": "outputslot",
        "data": {
          "id": 2,
          "disablePickup": {
            "fixedValue": false
          },
          "dropItemsWhenNotBound": true,
          "x": 240,
          "y": 62
        }
      },
      {
        "type": "image",
        "data": {
          "image": "aaa.png",
          "use1Xscale": false,
          "x": 204,
          "y": 62
        }
      },
      {
        "type": "image",
        "data": {
          "image": "fuel.png",
          "use1Xscale": false,
          "x": 204,
          "y": 98
        }
      },
      {
        "type": "label",
        "data": {
          "name": "label_high_heat_oven",
          "text": {
            "fixedValue": "High heat oven"
          },
          "color": {
            "value": -16777216,
            "falpha": 0.0
          },
          "x": 177,
          "y": 44
        }
      },
      {
        "type": "image",
        "data": {
          "image": "cooked_beef.png",
          "use1Xscale": false,
          "x": 240,
          "y": 89
        }
      },
      {
        "type": "image",
        "data": {
          "image": "beef.png",
          "use1Xscale": false,
          "x": 168,
          "y": 89
        }
      },
      {
        "type": "image",
        "data": {
          "image": "gui_fire.png",
          "use1Xscale": false,
          "displayCondition": {
            "name": "OvenGUIPro"
          },
          "x": 204,
          "y": 98
        }
      }
    ],
    "onTick": {
      "name": "OvenFirePro"
    },
    "gridSettings": {
      "sx": 18,
      "sy": 18,
      "ox": 11,
      "oy": 15,
      "snapOnGrid": true
    }
  }
}