{
  "_fv": 69,
  "_type": "gui",
  "definition": {
    "type": 1,
    "width": 176,
    "height": 166,
    "inventoryOffsetX": 0,
    "inventoryOffsetY": 0,
    "renderBgLayer": true,
    "doesPauseGame": false,
    "components": [
      {
        "type": "inputslot",
        "data": {
          "inputLimit": {
            "value": ""
          },
          "disablePlacement": {
            "fixedValue": false
          },
          "id": 0,
          "disablePickup": {
            "fixedValue": false
          },
          "dropItemsWhenNotBound": true,
          "x": 141,
          "y": 71
        }
      },
      {
        "type": "inputslot",
        "data": {
          "inputLimit": {
            "value": ""
          },
          "disablePlacement": {
            "fixedValue": false
          },
          "id": 1,
          "disablePickup": {
            "fixedValue": false
          },
          "dropItemsWhenNotBound": true,
          "x": 168,
          "y": 89
        }
      },
      {
        "type": "image",
        "data": {
          "image": "vhnjfvnjn.png",
          "use1Xscale": false,
          "x": 161,
          "y": 53
        }
      },
      {
        "type": "image",
        "data": {
          "image": "aaa.png",
          "use1Xscale": false,
          "x": 213,
          "y": 71
        }
      },
      {
        "type": "button",
        "data": {
          "name": "button_freeze",
          "text": "freeze",
          "isUndecorated": false,
          "onClick": {
            "name": "Refrigerator2GUIpuro"
          },
          "width": 56,
          "height": 20,
          "x": 195,
          "y": 89
        }
      },
      {
        "type": "outputslot",
        "data": {
          "id": 2,
          "disablePickup": {
            "fixedValue": false
          },
          "dropItemsWhenNotBound": true,
          "x": 258,
          "y": 71
        }
      }
    ],
    "gridSettings": {
      "sx": 18,
      "sy": 18,
      "ox": 11,
      "oy": 15,
      "snapOnGrid": true
    }
  }
}