{
	"credit": "Made with Blockbench",
	"textures": {
		"0": "block/oak_planks",
		"1": "block/white_concrete",
		"particle": "block/oak_planks"
	},
	"elements": [
		{
			"from": [6, 6, 15],
			"to": [11, 14, 16],
			"rotation": {"angle": 0, "axis": "y", "origin": [7, 6, 14]},
			"faces": {
				"north": {"uv": [0, 0, 5, 8], "texture": "#0"},
				"east": {"uv": [0, 0, 1, 8], "texture": "#0"},
				"south": {"uv": [0, 0, 5, 8], "texture": "#0"},
				"west": {"uv": [0, 0, 1, 8], "texture": "#0"},
				"up": {"uv": [0, 0, 5, 1], "texture": "#0"},
				"down": {"uv": [0, 0, 5, 1], "texture": "#0"}
			}
		},
		{
			"from": [7.5, 9, 14.65],
			"to": [9.5, 11, 15.65],
			"rotation": {"angle": 0, "axis": "y", "origin": [7.5, 9, 14.65]},
			"faces": {
				"north": {"uv": [0, 0, 2, 2], "texture": "#1"},
				"east": {"uv": [0, 0, 1, 2], "texture": "#1"},
				"south": {"uv": [0, 0, 2, 2], "texture": "#1"},
				"west": {"uv": [0, 0, 1, 2], "texture": "#1"},
				"up": {"uv": [0, 0, 2, 1], "texture": "#1"},
				"down": {"uv": [0, 0, 2, 1], "texture": "#1"}
			}
		}
	],
	"display": {
		"thirdperson_righthand": {
			"rotation": [6, 5, 4],
			"translation": [0, 0, -4.5],
			"scale": [0.5, 0.5, 0.5]
		},
		"thirdperson_lefthand": {
			"rotation": [6, 5, 4],
			"translation": [0, 0, -4.5],
			"scale": [0.5, 0.5, 0.5]
		},
		"firstperson_righthand": {
			"rotation": [6, 124, 4],
			"translation": [0, 0, 2.25],
			"scale": [0.5, 0.5, 0.5]
		},
		"firstperson_lefthand": {
			"rotation": [6, 124, 4],
			"translation": [0, 0, 2.25],
			"scale": [0.5, 0.5, 0.5]
		},
		"ground": {
			"translation": [0, 0, -4.75],
			"scale": [0.7, 0.7, 0.7]
		},
		"gui": {
			"rotation": [14, 154, 0],
			"translation": [-2.75, -3, 0]
		},
		"head": {
			"translation": [-4.25, -2.5, -14]
		},
		"fixed": {
			"translation": [-2, -4.75, -7.75],
			"scale": [4, 2.58789, 0.98047]
		}
	}
}