{
	"credit": "Made with Blockbench",
	"textures": {
		"4": "block/white_concrete",
		"5": "block/gray_concrete",
		"6": "block/acacia_log_top",
		"7": "block/acacia_planks"
	},
	"elements": [
		{
			"from": [3, 0, 7],
			"to": [13, 1, 9],
			"rotation": {"angle": 0, "axis": "y", "origin": [8, 0, 7]},
			"faces": {
				"north": {"uv": [0, 0, 10, 1], "texture": "#4"},
				"east": {"uv": [0, 0, 2, 1], "texture": "#4"},
				"south": {"uv": [0, 0, 10, 1], "texture": "#4"},
				"west": {"uv": [0, 0, 2, 1], "texture": "#4"},
				"up": {"uv": [0, 0, 10, 2], "texture": "#4"},
				"down": {"uv": [0, 0, 10, 2], "texture": "#4"}
			}
		},
		{
			"from": [3.3806, 0, 7.0319],
			"to": [13.3806, 1, 9.0319],
			"rotation": {"angle": -22.5, "axis": "y", "origin": [8.3806, 0, 7.0319]},
			"faces": {
				"north": {"uv": [0, 0, 10, 1], "texture": "#4"},
				"east": {"uv": [0, 0, 2, 1], "texture": "#4"},
				"south": {"uv": [0, 0, 10, 1], "texture": "#4"},
				"west": {"uv": [0, 0, 2, 1], "texture": "#4"},
				"up": {"uv": [0, 0, 10, 2], "texture": "#4"},
				"down": {"uv": [0, 0, 10, 2], "texture": "#4"}
			}
		},
		{
			"from": [3.6991, 0, 7.25755],
			"to": [13.6991, 1, 9.25755],
			"rotation": {"angle": -45, "axis": "y", "origin": [8.6991, 0, 7.25755]},
			"faces": {
				"north": {"uv": [0, 0, 10, 1], "texture": "#4"},
				"east": {"uv": [0, 0, 2, 1], "texture": "#4"},
				"south": {"uv": [0, 0, 10, 1], "texture": "#4"},
				"west": {"uv": [0, 0, 2, 1], "texture": "#4"},
				"up": {"uv": [0, 0, 10, 2], "texture": "#4"},
				"down": {"uv": [0, 0, 10, 2], "texture": "#4"}
			}
		},
		{
			"from": [6.907, 0, 2.5879],
			"to": [8.907, 1, 12.5879],
			"rotation": {"angle": 22.5, "axis": "y", "origin": [8.907, -1, 7.5879]},
			"faces": {
				"north": {"uv": [0, 0, 2, 1], "texture": "#4"},
				"east": {"uv": [0, 0, 10, 1], "texture": "#4"},
				"south": {"uv": [0, 0, 2, 1], "texture": "#4"},
				"west": {"uv": [0, 0, 10, 1], "texture": "#4"},
				"up": {"uv": [0, 0, 10, 2], "rotation": 90, "texture": "#4"},
				"down": {"uv": [0, 0, 10, 2], "rotation": 270, "texture": "#4"}
			}
		},
		{
			"from": [2.28489, 0, 7.27356],
			"to": [12.28489, 1, 9.27356],
			"rotation": {"angle": 45, "axis": "y", "origin": [7.28489, 0, 7.27356]},
			"faces": {
				"north": {"uv": [0, 0, 10, 1], "texture": "#4"},
				"east": {"uv": [0, 0, 2, 1], "texture": "#4"},
				"south": {"uv": [0, 0, 10, 1], "texture": "#4"},
				"west": {"uv": [0, 0, 2, 1], "texture": "#4"},
				"up": {"uv": [0, 0, 10, 2], "texture": "#4"},
				"down": {"uv": [0, 0, 10, 2], "texture": "#4"}
			}
		},
		{
			"from": [7.05924, 0, 2.59206],
			"to": [9.05924, 1, 12.59206],
			"rotation": {"angle": -22.5, "axis": "y", "origin": [7.05924, 0, 7.59206]},
			"faces": {
				"north": {"uv": [0, 0, 2, 1], "texture": "#4"},
				"east": {"uv": [0, 0, 10, 1], "texture": "#4"},
				"south": {"uv": [0, 0, 2, 1], "texture": "#4"},
				"west": {"uv": [0, 0, 10, 1], "texture": "#4"},
				"up": {"uv": [0, 0, 10, 2], "rotation": 270, "texture": "#4"},
				"down": {"uv": [0, 0, 10, 2], "rotation": 90, "texture": "#4"}
			}
		},
		{
			"from": [2.61524, 0, 7.06566],
			"to": [12.61524, 1, 9.06566],
			"rotation": {"angle": 22.5, "axis": "y", "origin": [7.61524, 0, 7.06566]},
			"faces": {
				"north": {"uv": [0, 0, 10, 1], "texture": "#4"},
				"east": {"uv": [0, 0, 2, 1], "texture": "#4"},
				"south": {"uv": [0, 0, 10, 1], "texture": "#4"},
				"west": {"uv": [0, 0, 2, 1], "texture": "#4"},
				"up": {"uv": [0, 0, 10, 2], "texture": "#4"},
				"down": {"uv": [0, 0, 10, 2], "texture": "#4"}
			}
		},
		{
			"from": [7, 1, 7],
			"to": [9, 9, 9],
			"rotation": {"angle": 0, "axis": "y", "origin": [7, 1, 7]},
			"faces": {
				"north": {"uv": [0, 0, 2, 8], "texture": "#4"},
				"east": {"uv": [0, 0, 2, 8], "texture": "#4"},
				"south": {"uv": [0, 0, 2, 8], "texture": "#4"},
				"west": {"uv": [0, 0, 2, 8], "texture": "#4"},
				"up": {"uv": [0, 0, 2, 2], "texture": "#4"},
				"down": {"uv": [0, 0, 2, 2], "texture": "#4"}
			}
		},
		{
			"from": [6.97266, 0, 2.97266],
			"to": [8.97266, 1, 12.97266],
			"rotation": {"angle": 0, "axis": "y", "origin": [6.97266, 0, 7.97266]},
			"faces": {
				"north": {"uv": [0, 0, 2, 1], "texture": "#4"},
				"east": {"uv": [0, 0, 10, 1], "texture": "#4"},
				"south": {"uv": [0, 0, 2, 1], "texture": "#4"},
				"west": {"uv": [0, 0, 10, 1], "texture": "#4"},
				"up": {"uv": [0, 0, 10, 2], "rotation": 270, "texture": "#4"},
				"down": {"uv": [0, 0, 10, 2], "rotation": 90, "texture": "#4"}
			}
		},
		{
			"from": [9.92388, 9.38268, 6],
			"to": [12.92388, 10.38268, 10],
			"rotation": {"angle": 22.5, "axis": "z", "origin": [10.92388, 9.38268, 8]},
			"faces": {
				"north": {"uv": [0, 0, 3, 1], "texture": "#4"},
				"east": {"uv": [0, 0, 4, 1], "texture": "#4"},
				"south": {"uv": [0, 0, 3, 1], "texture": "#4"},
				"west": {"uv": [0, 0, 4, 1], "texture": "#4"},
				"up": {"uv": [0, 0, 3, 4], "texture": "#4"},
				"down": {"uv": [0, 0, 3, 4], "texture": "#4"}
			}
		},
		{
			"from": [9.5412, 22.77546, 6],
			"to": [12.5412, 23.77546, 10],
			"rotation": {"angle": -22.5, "axis": "z", "origin": [10.5412, 22.77546, 8]},
			"faces": {
				"north": {"uv": [0, 0, 3, 1], "texture": "#4"},
				"east": {"uv": [0, 0, 4, 1], "texture": "#4"},
				"south": {"uv": [0, 0, 3, 1], "texture": "#4"},
				"west": {"uv": [0, 0, 4, 1], "texture": "#4"},
				"up": {"uv": [0, 0, 3, 4], "texture": "#4"},
				"down": {"uv": [0, 0, 3, 4], "texture": "#4"}
			}
		},
		{
			"from": [12.47875, 10.85516, 6],
			"to": [15.47875, 11.85516, 10],
			"rotation": {"angle": 45, "axis": "z", "origin": [13.47875, 10.85516, 8]},
			"faces": {
				"north": {"uv": [0, 0, 3, 1], "texture": "#4"},
				"east": {"uv": [0, 0, 4, 1], "texture": "#4"},
				"south": {"uv": [0, 0, 3, 1], "texture": "#4"},
				"west": {"uv": [0, 0, 4, 1], "texture": "#4"},
				"up": {"uv": [0, 0, 3, 4], "texture": "#4"},
				"down": {"uv": [0, 0, 3, 4], "texture": "#4"}
			}
		},
		{
			"from": [13.18585, 20.51975, 6],
			"to": [14.18585, 23.51975, 10],
			"rotation": {"angle": 45, "axis": "z", "origin": [14.18585, 21.51975, 8]},
			"faces": {
				"north": {"uv": [0, 0, 3, 1], "rotation": 90, "texture": "#4"},
				"east": {"uv": [0, 0, 3, 4], "rotation": 270, "texture": "#4"},
				"south": {"uv": [0, 0, 3, 1], "rotation": 270, "texture": "#4"},
				"west": {"uv": [0, 0, 3, 4], "rotation": 270, "texture": "#4"},
				"up": {"uv": [0, 0, 4, 1], "rotation": 270, "texture": "#4"},
				"down": {"uv": [0, 0, 4, 1], "rotation": 270, "texture": "#4"}
			}
		},
		{
			"from": [14.27564, 12.19325, 6],
			"to": [15.27564, 15.19325, 10],
			"rotation": {"angle": -22.5, "axis": "z", "origin": [15.27564, 13.19325, 8]},
			"faces": {
				"north": {"uv": [0, 0, 3, 1], "rotation": 90, "texture": "#4"},
				"east": {"uv": [0, 0, 3, 4], "rotation": 270, "texture": "#4"},
				"south": {"uv": [0, 0, 3, 1], "rotation": 270, "texture": "#4"},
				"west": {"uv": [0, 0, 3, 4], "rotation": 270, "texture": "#4"},
				"up": {"uv": [0, 0, 4, 1], "rotation": 270, "texture": "#4"},
				"down": {"uv": [0, 0, 4, 1], "rotation": 270, "texture": "#4"}
			}
		},
		{
			"from": [14.35176, 17.50608, 6],
			"to": [15.35176, 20.50608, 10],
			"rotation": {"angle": 22.5, "axis": "z", "origin": [14.35176, 19.50608, 8]},
			"faces": {
				"north": {"uv": [0, 0, 3, 1], "rotation": 270, "texture": "#4"},
				"east": {"uv": [0, 0, 3, 4], "rotation": 90, "texture": "#4"},
				"south": {"uv": [0, 0, 3, 1], "rotation": 90, "texture": "#4"},
				"west": {"uv": [0, 0, 3, 4], "rotation": 90, "texture": "#4"},
				"up": {"uv": [0, 0, 4, 1], "rotation": 90, "texture": "#4"},
				"down": {"uv": [0, 0, 4, 1], "rotation": 90, "texture": "#4"}
			}
		},
		{
			"from": [-0.04101, 15.04101, 6],
			"to": [0.95899, 18.04101, 10],
			"rotation": {"angle": 0, "axis": "z", "origin": [0.95899, 16.04101, 8]},
			"faces": {
				"north": {"uv": [0, 0, 3, 1], "rotation": 90, "texture": "#4"},
				"east": {"uv": [0, 0, 3, 4], "rotation": 270, "texture": "#4"},
				"south": {"uv": [0, 0, 3, 1], "rotation": 270, "texture": "#4"},
				"west": {"uv": [0, 0, 3, 4], "rotation": 270, "texture": "#4"},
				"up": {"uv": [0, 0, 4, 1], "rotation": 270, "texture": "#4"},
				"down": {"uv": [0, 0, 4, 1], "rotation": 270, "texture": "#4"}
			}
		},
		{
			"from": [0.26555, 17.58221, 6],
			"to": [1.26555, 20.58221, 10],
			"rotation": {"angle": -22.5, "axis": "z", "origin": [1.26555, 18.58221, 8]},
			"faces": {
				"north": {"uv": [0, 0, 3, 1], "rotation": 90, "texture": "#4"},
				"east": {"uv": [0, 0, 3, 4], "rotation": 270, "texture": "#4"},
				"south": {"uv": [0, 0, 3, 1], "rotation": 270, "texture": "#4"},
				"west": {"uv": [0, 0, 3, 4], "rotation": 270, "texture": "#4"},
				"up": {"uv": [0, 0, 4, 1], "rotation": 270, "texture": "#4"},
				"down": {"uv": [0, 0, 4, 1], "rotation": 270, "texture": "#4"}
			}
		},
		{
			"from": [1.52125, 19.81265, 6],
			"to": [2.52125, 22.81265, 10],
			"rotation": {"angle": -45, "axis": "z", "origin": [2.52125, 20.81265, 8]},
			"faces": {
				"north": {"uv": [0, 0, 3, 1], "rotation": 90, "texture": "#4"},
				"east": {"uv": [0, 0, 3, 4], "rotation": 270, "texture": "#4"},
				"south": {"uv": [0, 0, 3, 1], "rotation": 270, "texture": "#4"},
				"west": {"uv": [0, 0, 3, 4], "rotation": 270, "texture": "#4"},
				"up": {"uv": [0, 0, 4, 1], "rotation": 270, "texture": "#4"},
				"down": {"uv": [0, 0, 4, 1], "rotation": 270, "texture": "#4"}
			}
		},
		{
			"from": [3.53492, 22.39277, 6],
			"to": [6.53492, 23.39277, 10],
			"rotation": {"angle": 22.5, "axis": "z", "origin": [4.53492, 22.39277, 8]},
			"faces": {
				"north": {"uv": [0, 0, 3, 1], "texture": "#4"},
				"east": {"uv": [0, 0, 4, 1], "texture": "#4"},
				"south": {"uv": [0, 0, 3, 1], "texture": "#4"},
				"west": {"uv": [0, 0, 4, 1], "texture": "#4"},
				"up": {"uv": [0, 0, 3, 4], "texture": "#4"},
				"down": {"uv": [0, 0, 3, 4], "texture": "#4"}
			}
		},
		{
			"from": [15.04101, 15.04101, 6],
			"to": [16.04101, 18.04101, 10],
			"rotation": {"angle": 0, "axis": "z", "origin": [16.04101, 16.04101, 8]},
			"faces": {
				"north": {"uv": [0, 0, 3, 1], "rotation": 90, "texture": "#4"},
				"east": {"uv": [0, 0, 3, 4], "rotation": 270, "texture": "#4"},
				"south": {"uv": [0, 0, 3, 1], "rotation": 270, "texture": "#4"},
				"west": {"uv": [0, 0, 3, 4], "rotation": 270, "texture": "#4"},
				"up": {"uv": [0, 0, 4, 1], "rotation": 270, "texture": "#4"},
				"down": {"uv": [0, 0, 4, 1], "rotation": 270, "texture": "#4"}
			}
		},
		{
			"from": [6, 23.08202, 6],
			"to": [10, 24.08202, 10],
			"rotation": {"angle": 0, "axis": "y", "origin": [7, 23.08202, 8]},
			"faces": {
				"north": {"uv": [0, 0, 4, 1], "texture": "#4"},
				"east": {"uv": [0, 0, 4, 1], "texture": "#4"},
				"south": {"uv": [0, 0, 4, 1], "texture": "#4"},
				"west": {"uv": [0, 0, 4, 1], "texture": "#4"},
				"up": {"uv": [0, 0, 4, 4], "texture": "#4"},
				"down": {"uv": [0, 0, 4, 4], "texture": "#4"}
			}
		},
		{
			"from": [6, 9, 6],
			"to": [10, 10, 10],
			"rotation": {"angle": 0, "axis": "y", "origin": [7, 9, 8]},
			"faces": {
				"north": {"uv": [0, 0, 4, 1], "texture": "#4"},
				"east": {"uv": [0, 0, 4, 1], "texture": "#4"},
				"south": {"uv": [0, 0, 4, 1], "texture": "#4"},
				"west": {"uv": [0, 0, 4, 1], "texture": "#4"},
				"up": {"uv": [0, 0, 4, 4], "texture": "#4"},
				"down": {"uv": [0, 0, 4, 4], "texture": "#4"}
			}
		},
		{
			"from": [0.64824, 12.57593, 6],
			"to": [1.64824, 15.57593, 10],
			"rotation": {"angle": 22.5, "axis": "z", "origin": [1.64824, 13.57593, 8]},
			"faces": {
				"north": {"uv": [0, 0, 3, 1], "rotation": 90, "texture": "#4"},
				"east": {"uv": [0, 0, 3, 4], "rotation": 270, "texture": "#4"},
				"south": {"uv": [0, 0, 3, 1], "rotation": 270, "texture": "#4"},
				"west": {"uv": [0, 0, 3, 4], "rotation": 270, "texture": "#4"},
				"up": {"uv": [0, 0, 4, 1], "rotation": 270, "texture": "#4"},
				"down": {"uv": [0, 0, 4, 1], "rotation": 270, "texture": "#4"}
			}
		},
		{
			"from": [2.22836, 10.56226, 6],
			"to": [3.22836, 13.56226, 10],
			"rotation": {"angle": 45, "axis": "z", "origin": [3.22836, 11.56226, 8]},
			"faces": {
				"north": {"uv": [0, 0, 3, 1], "rotation": 90, "texture": "#4"},
				"east": {"uv": [0, 0, 3, 4], "rotation": 270, "texture": "#4"},
				"south": {"uv": [0, 0, 3, 1], "rotation": 270, "texture": "#4"},
				"west": {"uv": [0, 0, 3, 4], "rotation": 270, "texture": "#4"},
				"up": {"uv": [0, 0, 4, 1], "rotation": 270, "texture": "#4"},
				"down": {"uv": [0, 0, 4, 1], "rotation": 270, "texture": "#4"}
			}
		},
		{
			"from": [3.4588, 9.30656, 6],
			"to": [6.4588, 10.30656, 10],
			"rotation": {"angle": -22.5, "axis": "z", "origin": [5.4588, 10.30656, 8]},
			"faces": {
				"north": {"uv": [0, 0, 3, 1], "rotation": 180, "texture": "#4"},
				"east": {"uv": [0, 0, 4, 1], "rotation": 180, "texture": "#4"},
				"south": {"uv": [0, 0, 3, 1], "rotation": 180, "texture": "#4"},
				"west": {"uv": [0, 0, 4, 1], "rotation": 180, "texture": "#4"},
				"up": {"uv": [0, 0, 3, 4], "rotation": 180, "texture": "#4"},
				"down": {"uv": [0, 0, 3, 4], "rotation": 180, "texture": "#4"}
			}
		},
		{
			"from": [0.75, 16, 9.25],
			"to": [15.5, 17, 9.75],
			"rotation": {"angle": -22.5, "axis": "z", "origin": [8, 16.5, 7.75]},
			"faces": {
				"north": {"uv": [0, 0, 14.75, 1], "rotation": 180, "texture": "#4"},
				"east": {"uv": [0, 0, 0.5, 1], "rotation": 180, "texture": "#4"},
				"south": {"uv": [0, 0, 14.75, 1], "rotation": 180, "texture": "#4"},
				"west": {"uv": [0, 0, 0.5, 1], "rotation": 180, "texture": "#4"},
				"up": {"uv": [0, 0, 14.75, 0.5], "rotation": 180, "texture": "#4"},
				"down": {"uv": [0, 0, 14.75, 0.5], "rotation": 180, "texture": "#4"}
			}
		},
		{
			"from": [0.5, 16, 9.25],
			"to": [15.25, 17, 9.75],
			"rotation": {"angle": 0, "axis": "x", "origin": [8, 16.5, 7.75]},
			"faces": {
				"north": {"uv": [0, 0, 14.75, 1], "texture": "#4"},
				"east": {"uv": [0, 0, 0.5, 1], "texture": "#4"},
				"south": {"uv": [0, 0, 14.75, 1], "texture": "#4"},
				"west": {"uv": [0, 0, 0.5, 1], "texture": "#4"},
				"up": {"uv": [0, 0, 14.75, 0.5], "texture": "#4"},
				"down": {"uv": [0, 0, 14.75, 0.5], "texture": "#4"}
			}
		},
		{
			"from": [0.5, 16, 9.25],
			"to": [15.25, 17, 9.75],
			"rotation": {"angle": 22.5, "axis": "z", "origin": [8, 16.5, 7.75]},
			"faces": {
				"north": {"uv": [0, 0, 14.75, 1], "texture": "#4"},
				"east": {"uv": [0, 0, 0.5, 1], "texture": "#4"},
				"south": {"uv": [0, 0, 14.75, 1], "texture": "#4"},
				"west": {"uv": [0, 0, 0.5, 1], "texture": "#4"},
				"up": {"uv": [0, 0, 14.75, 0.5], "texture": "#4"},
				"down": {"uv": [0, 0, 14.75, 0.5], "texture": "#4"}
			}
		},
		{
			"from": [0.5, 16, 9.25],
			"to": [15.25, 17, 9.75],
			"rotation": {"angle": 45, "axis": "z", "origin": [8, 16.5, 7.75]},
			"faces": {
				"north": {"uv": [0, 0, 14.75, 1], "texture": "#4"},
				"east": {"uv": [0, 0, 0.5, 1], "texture": "#4"},
				"south": {"uv": [0, 0, 14.75, 1], "texture": "#4"},
				"west": {"uv": [0, 0, 0.5, 1], "texture": "#4"},
				"up": {"uv": [0, 0, 14.75, 0.5], "texture": "#4"},
				"down": {"uv": [0, 0, 14.75, 0.5], "texture": "#4"}
			}
		},
		{
			"from": [7.5, 9, 9.25],
			"to": [8.5, 23.75, 9.75],
			"rotation": {"angle": -22.5, "axis": "z", "origin": [8, 16.5, 7.75]},
			"faces": {
				"north": {"uv": [0, 0, 14.75, 1], "rotation": 90, "texture": "#4"},
				"east": {"uv": [0, 0, 14.75, 0.5], "rotation": 270, "texture": "#4"},
				"south": {"uv": [0, 0, 14.75, 1], "rotation": 270, "texture": "#4"},
				"west": {"uv": [0, 0, 14.75, 0.5], "rotation": 270, "texture": "#4"},
				"up": {"uv": [0, 0, 0.5, 1], "rotation": 270, "texture": "#4"},
				"down": {"uv": [0, 0, 0.5, 1], "rotation": 270, "texture": "#4"}
			}
		},
		{
			"from": [7.5, 9, 9.25],
			"to": [8.5, 23.75, 9.75],
			"rotation": {"angle": 0, "axis": "z", "origin": [8, 16.5, 7.75]},
			"faces": {
				"north": {"uv": [0, 0, 14.75, 1], "rotation": 90, "texture": "#4"},
				"east": {"uv": [0, 0, 14.75, 0.5], "rotation": 270, "texture": "#4"},
				"south": {"uv": [0, 0, 14.75, 1], "rotation": 270, "texture": "#4"},
				"west": {"uv": [0, 0, 14.75, 0.5], "rotation": 270, "texture": "#4"},
				"up": {"uv": [0, 0, 0.5, 1], "rotation": 270, "texture": "#4"},
				"down": {"uv": [0, 0, 0.5, 1], "rotation": 270, "texture": "#4"}
			}
		},
		{
			"from": [7.5, 9, 9.25],
			"to": [8.5, 23.75, 9.75],
			"rotation": {"angle": 22.5, "axis": "z", "origin": [8, 16.5, 7.75]},
			"faces": {
				"north": {"uv": [0, 0, 14.75, 1], "rotation": 90, "texture": "#4"},
				"east": {"uv": [0, 0, 14.75, 0.5], "rotation": 270, "texture": "#4"},
				"south": {"uv": [0, 0, 14.75, 1], "rotation": 270, "texture": "#4"},
				"west": {"uv": [0, 0, 14.75, 0.5], "rotation": 270, "texture": "#4"},
				"up": {"uv": [0, 0, 0.5, 1], "rotation": 270, "texture": "#4"},
				"down": {"uv": [0, 0, 0.5, 1], "rotation": 270, "texture": "#4"}
			}
		},
		{
			"from": [7.5, 9, 9.25],
			"to": [8.5, 23.75, 9.75],
			"rotation": {"angle": 45, "axis": "z", "origin": [8, 16.5, 7.75]},
			"faces": {
				"north": {"uv": [0, 0, 14.75, 1], "rotation": 90, "texture": "#4"},
				"east": {"uv": [0, 0, 14.75, 0.5], "rotation": 270, "texture": "#4"},
				"south": {"uv": [0, 0, 14.75, 1], "rotation": 270, "texture": "#4"},
				"west": {"uv": [0, 0, 14.75, 0.5], "rotation": 270, "texture": "#4"},
				"up": {"uv": [0, 0, 0.5, 1], "rotation": 270, "texture": "#4"},
				"down": {"uv": [0, 0, 0.5, 1], "rotation": 270, "texture": "#4"}
			}
		},
		{
			"from": [8, 15, 7.25],
			"to": [14, 15.75, 8],
			"rotation": {"angle": 0, "axis": "y", "origin": [8, 16, 6]},
			"faces": {
				"north": {"uv": [0, 0, 6, 0.75], "texture": "#6"},
				"east": {"uv": [0, 0, 0.75, 0.75], "texture": "#6"},
				"south": {"uv": [0, 0, 6, 0.75], "texture": "#6"},
				"west": {"uv": [0, 0, 0.75, 0.75], "texture": "#6"},
				"up": {"uv": [0, 0, 6, 0.75], "texture": "#6"},
				"down": {"uv": [0, 0, 6, 0.75], "texture": "#6"}
			}
		},
		{
			"from": [8, 15, 7.25],
			"to": [14, 15.75, 8],
			"rotation": {"angle": 45, "axis": "z", "origin": [8, 16, 6]},
			"faces": {
				"north": {"uv": [0, 0, 6, 0.75], "texture": "#7"},
				"east": {"uv": [0, 0, 0.75, 0.75], "texture": "#7"},
				"south": {"uv": [0, 0, 6, 0.75], "texture": "#7"},
				"west": {"uv": [0, 0, 0.75, 0.75], "texture": "#7"},
				"up": {"uv": [0, 0, 6, 0.75], "texture": "#7"},
				"down": {"uv": [0, 0, 6, 0.75], "texture": "#7"}
			}
		},
		{
			"from": [8.25, 16, 7.25],
			"to": [9, 22, 8],
			"rotation": {"angle": 0, "axis": "z", "origin": [8, 16, 6]},
			"faces": {
				"north": {"uv": [0, 0, 6, 0.75], "rotation": 90, "texture": "#6"},
				"east": {"uv": [0, 0, 6, 0.75], "rotation": 270, "texture": "#6"},
				"south": {"uv": [0, 0, 6, 0.75], "rotation": 270, "texture": "#6"},
				"west": {"uv": [0, 0, 6, 0.75], "rotation": 270, "texture": "#6"},
				"up": {"uv": [0, 0, 0.75, 0.75], "rotation": 270, "texture": "#6"},
				"down": {"uv": [0, 0, 0.75, 0.75], "rotation": 270, "texture": "#6"}
			}
		},
		{
			"from": [8.25, 16, 7.25],
			"to": [9, 22, 8],
			"rotation": {"angle": 45, "axis": "z", "origin": [8, 16, 6]},
			"faces": {
				"north": {"uv": [0, 0, 6, 0.75], "rotation": 90, "texture": "#7"},
				"east": {"uv": [0, 0, 6, 0.75], "rotation": 270, "texture": "#7"},
				"south": {"uv": [0, 0, 6, 0.75], "rotation": 270, "texture": "#7"},
				"west": {"uv": [0, 0, 6, 0.75], "rotation": 270, "texture": "#7"},
				"up": {"uv": [0, 0, 0.75, 0.75], "rotation": 270, "texture": "#7"},
				"down": {"uv": [0, 0, 0.75, 0.75], "rotation": 270, "texture": "#7"}
			}
		},
		{
			"from": [2, 16.25, 7.25],
			"to": [8, 17, 8],
			"rotation": {"angle": 0, "axis": "z", "origin": [8, 16, 6]},
			"faces": {
				"north": {"uv": [0, 0, 6, 0.75], "rotation": 180, "texture": "#6"},
				"east": {"uv": [0, 0, 0.75, 0.75], "rotation": 180, "texture": "#6"},
				"south": {"uv": [0, 0, 6, 0.75], "rotation": 180, "texture": "#6"},
				"west": {"uv": [0, 0, 0.75, 0.75], "rotation": 180, "texture": "#6"},
				"up": {"uv": [0, 0, 6, 0.75], "rotation": 180, "texture": "#6"},
				"down": {"uv": [0, 0, 6, 0.75], "rotation": 180, "texture": "#6"}
			}
		},
		{
			"from": [2, 16.25, 7.25],
			"to": [8, 17, 8],
			"rotation": {"angle": 45, "axis": "z", "origin": [8, 16, 6]},
			"faces": {
				"north": {"uv": [0, 0, 6, 0.75], "rotation": 180, "texture": "#7"},
				"east": {"uv": [0, 0, 0.75, 0.75], "rotation": 180, "texture": "#7"},
				"south": {"uv": [0, 0, 6, 0.75], "rotation": 180, "texture": "#7"},
				"west": {"uv": [0, 0, 0.75, 0.75], "rotation": 180, "texture": "#7"},
				"up": {"uv": [0, 0, 6, 0.75], "rotation": 180, "texture": "#7"},
				"down": {"uv": [0, 0, 6, 0.75], "rotation": 180, "texture": "#7"}
			}
		},
		{
			"from": [7, 10, 7.25],
			"to": [7.75, 16, 8],
			"rotation": {"angle": 0, "axis": "z", "origin": [8, 16, 6]},
			"faces": {
				"north": {"uv": [0, 0, 6, 0.75], "rotation": 270, "texture": "#6"},
				"east": {"uv": [0, 0, 6, 0.75], "rotation": 90, "texture": "#6"},
				"south": {"uv": [0, 0, 6, 0.75], "rotation": 90, "texture": "#6"},
				"west": {"uv": [0, 0, 6, 0.75], "rotation": 90, "texture": "#6"},
				"up": {"uv": [0, 0, 0.75, 0.75], "rotation": 90, "texture": "#6"},
				"down": {"uv": [0, 0, 0.75, 0.75], "rotation": 90, "texture": "#6"}
			}
		},
		{
			"from": [7, 10, 7.25],
			"to": [7.75, 16, 8],
			"rotation": {"angle": 45, "axis": "z", "origin": [8, 16, 6]},
			"faces": {
				"north": {"uv": [0, 0, 6, 0.75], "rotation": 270, "texture": "#7"},
				"east": {"uv": [0, 0, 6, 0.75], "rotation": 90, "texture": "#7"},
				"south": {"uv": [0, 0, 6, 0.75], "rotation": 90, "texture": "#7"},
				"west": {"uv": [0, 0, 6, 0.75], "rotation": 90, "texture": "#7"},
				"up": {"uv": [0, 0, 0.75, 0.75], "rotation": 90, "texture": "#7"},
				"down": {"uv": [0, 0, 0.75, 0.75], "rotation": 90, "texture": "#7"}
			}
		},
		{
			"from": [6.5, 14.5, 6.5],
			"to": [9.5, 17.5, 10],
			"rotation": {"angle": 0, "axis": "y", "origin": [7, 15, 7]},
			"faces": {
				"north": {"uv": [0, 0, 3, 3], "texture": "#4"},
				"east": {"uv": [0, 0, 2.5, 3], "texture": "#4"},
				"south": {"uv": [0, 0, 3, 3], "texture": "#4"},
				"west": {"uv": [0, 0, 2.5, 3], "texture": "#4"},
				"up": {"uv": [0, 0, 3, 2.5], "texture": "#4"},
				"down": {"uv": [0, 0, 3, 2.5], "texture": "#4"}
			}
		},
		{
			"from": [6.5, 1, 4],
			"to": [7, 1.5, 4.5],
			"rotation": {"angle": 0, "axis": "y", "origin": [5, 1, 4]},
			"faces": {
				"north": {"uv": [0, 0, 0.5, 0.5], "texture": "#5"},
				"east": {"uv": [0, 0, 0.5, 0.5], "texture": "#5"},
				"south": {"uv": [0, 0, 0.5, 0.5], "texture": "#5"},
				"west": {"uv": [0, 0, 0.5, 0.5], "texture": "#5"},
				"up": {"uv": [0, 0, 0.5, 0.5], "texture": "#5"},
				"down": {"uv": [0, 0, 0.5, 0.5], "texture": "#5"}
			}
		},
		{
			"from": [7.5, 1, 4],
			"to": [8, 1.5, 4.5],
			"rotation": {"angle": 0, "axis": "y", "origin": [6, 1, 4]},
			"faces": {
				"north": {"uv": [0, 0, 0.5, 0.5], "texture": "#5"},
				"east": {"uv": [0, 0, 0.5, 0.5], "texture": "#5"},
				"south": {"uv": [0, 0, 0.5, 0.5], "texture": "#5"},
				"west": {"uv": [0, 0, 0.5, 0.5], "texture": "#5"},
				"up": {"uv": [0, 0, 0.5, 0.5], "texture": "#5"},
				"down": {"uv": [0, 0, 0.5, 0.5], "texture": "#5"}
			}
		},
		{
			"from": [9.5, 1, 4],
			"to": [10, 1.5, 4.5],
			"rotation": {"angle": 0, "axis": "y", "origin": [8, 1, 4]},
			"faces": {
				"north": {"uv": [0, 0, 0.5, 0.5], "texture": "#5"},
				"east": {"uv": [0, 0, 0.5, 0.5], "texture": "#5"},
				"south": {"uv": [0, 0, 0.5, 0.5], "texture": "#5"},
				"west": {"uv": [0, 0, 0.5, 0.5], "texture": "#5"},
				"up": {"uv": [0, 0, 0.5, 0.5], "texture": "#5"},
				"down": {"uv": [0, 0, 0.5, 0.5], "texture": "#5"}
			}
		}
	],
	"display": {
		"thirdperson_righthand": {
			"scale": [0.5, 0.5, 0.5]
		},
		"thirdperson_lefthand": {
			"scale": [0.5, 0.5, 0.5]
		},
		"firstperson_righthand": {
			"rotation": [0, 122, 0],
			"scale": [0.5, 0.5, 0.5]
		},
		"firstperson_lefthand": {
			"rotation": [0, 115, 0],
			"scale": [0.5, 0.5, 0.5]
		},
		"ground": {
			"scale": [0.5, 0.5, 0.5]
		},
		"gui": {
			"rotation": [16, 137, 0],
			"translation": [0, -1.5, 0],
			"scale": [0.5, 0.5, 0.5]
		}
	},
	"groups": [
		{
			"name": "group",
			"origin": [5.97266, 0, 7.97266],
			"color": 0,
			"children": [0, 1, 2, 3, 4, 5, 6, 7, 8]
		},
		{
			"name": "group",
			"origin": [8, 8, 8],
			"color": 0,
			"children": [9, 10, 11, 12, 13, 14, 15, 16, 17, 18, 19, 20, 21, 22, 23, 24]
		},
		{
			"name": "group",
			"origin": [8, 16.5, 8],
			"color": 0,
			"children": [25, 26, 27, 28, 29, 30, 31, 32]
		},
		{
			"name": "group",
			"origin": [8, 16, 7],
			"color": 0,
			"children": [33, 34, 35, 36, 37, 38, 39, 40]
		},
		41,
		42,
		43,
		44
	]
}