{
	"credit": "Made with Blockbench",
	"texture_size": [64, 64],
	"textures": {
		"0": "block/light_gray_concrete",
		"1": "block/red_concrete",
		"2": "block/yellow_concrete",
		"3": "block/blue_concrete",
		"particle": "block/light_gray_concrete"
	},
	"elements": [
		{
			"from": [-3, 3, 4],
			"to": [18, 6, 12],
			"faces": {
				"north": {"uv": [9.25, 3.5, 13.25, 4], "texture": "#0"},
				"east": {"uv": [9.25, 5.5, 11.25, 6], "texture": "#0"},
				"south": {"uv": [9.25, 4, 13.25, 4.5], "texture": "#0"},
				"west": {"uv": [9.25, 6, 11.25, 6.5], "texture": "#0"},
				"up": {"uv": [9.25, 5.5, 5.25, 3.5], "texture": "#0"},
				"down": {"uv": [9.25, 5.5, 5.25, 7.5], "texture": "#0"}
			}
		},
		{
			"from": [-6, 5, 3],
			"to": [21, 16, 14],
			"faces": {
				"north": {"uv": [0, 0, 4.75, 1.75], "texture": "#0"},
				"east": {"uv": [0, 0, 2.5, 1.75], "texture": "#0"},
				"south": {"uv": [0, 0, 4.75, 1.75], "texture": "#0"},
				"west": {"uv": [0, 0, 2.5, 1.75], "texture": "#0"},
				"up": {"uv": [0, 0, 4.75, 2.5], "texture": "#0"},
				"down": {"uv": [0, 0, 4.75, 2.5], "texture": "#0"}
			}
		},
		{
			"from": [-3, 15, 4],
			"to": [18, 18, 12],
			"faces": {
				"north": {"uv": [9.25, 4.5, 13.25, 5], "texture": "#0"},
				"east": {"uv": [9.25, 6.5, 11.25, 7], "texture": "#0"},
				"south": {"uv": [9.25, 5, 13.25, 5.5], "texture": "#0"},
				"west": {"uv": [9.25, 7, 11.25, 7.5], "texture": "#0"},
				"up": {"uv": [4, 8, 0, 6], "texture": "#0"},
				"down": {"uv": [8, 7.5, 4, 9.5], "texture": "#0"}
			}
		},
		{
			"from": [-4, 8, 2],
			"to": [3, 13, 4],
			"faces": {
				"north": {"uv": [0, 0, 1.75, 1.25], "texture": "#1"},
				"east": {"uv": [0, 0, 0.5, 1.25], "texture": "#0"},
				"south": {"uv": [0, 0, 1.75, 1.25], "texture": "#0"},
				"west": {"uv": [0, 0, 0.5, 1.25], "texture": "#0"},
				"up": {"uv": [0, 0, 1.75, 0.5], "texture": "#0"},
				"down": {"uv": [0, 0, 1.75, 0.5], "texture": "#0"}
			}
		},
		{
			"from": [-3, 7, 2],
			"to": [2, 14, 4],
			"faces": {
				"north": {"uv": [0, 0, 0.75, 1.25], "texture": "#1"},
				"east": {"uv": [0, 0, 0.5, 1.25], "texture": "#0"},
				"south": {"uv": [0, 0, 0.75, 1.25], "texture": "#0"},
				"west": {"uv": [0, 0, 0.5, 1.25], "texture": "#0"},
				"up": {"uv": [0, 0, 0.75, 0.5], "texture": "#0"},
				"down": {"uv": [0, 0, 0.75, 0.5], "texture": "#0"}
			}
		},
		{
			"from": [5, 7, 2],
			"to": [10, 14, 4],
			"faces": {
				"north": {"uv": [0, 0, 0.75, 1.25], "texture": "#2"},
				"east": {"uv": [0, 0, 0.5, 1.25], "texture": "#0"},
				"south": {"uv": [0, 0, 0.75, 1.25], "texture": "#0"},
				"west": {"uv": [0, 0, 0.5, 1.25], "texture": "#0"},
				"up": {"uv": [0, 0, 0.75, 0.5], "texture": "#0"},
				"down": {"uv": [0, 0, 0.75, 0.5], "texture": "#0"}
			}
		},
		{
			"from": [4, 8, 2],
			"to": [11, 13, 4],
			"faces": {
				"north": {"uv": [0, 0, 1.75, 1.25], "texture": "#2"},
				"east": {"uv": [0, 0, 0.5, 1.25], "texture": "#0"},
				"south": {"uv": [0, 0, 1.75, 1.25], "texture": "#0"},
				"west": {"uv": [0, 0, 0.5, 1.25], "texture": "#0"},
				"up": {"uv": [0, 0, 1.75, 0.5], "texture": "#0"},
				"down": {"uv": [0, 0, 1.75, 0.5], "texture": "#0"}
			}
		},
		{
			"from": [12, 8, 2],
			"to": [19, 13, 4],
			"faces": {
				"north": {"uv": [0, 0, 1.75, 1.25], "texture": "#3"},
				"east": {"uv": [0, 0, 0.5, 1.25], "texture": "#0"},
				"south": {"uv": [0, 0, 1.75, 1.25], "texture": "#0"},
				"west": {"uv": [0, 0, 0.5, 1.25], "texture": "#0"},
				"up": {"uv": [0, 0, 1.75, 0.5], "texture": "#0"},
				"down": {"uv": [0, 0, 1.75, 0.5], "texture": "#0"}
			}
		},
		{
			"from": [13, 7, 2],
			"to": [18, 14, 4],
			"faces": {
				"north": {"uv": [0, 0, 1.25, 1.75], "texture": "#3"},
				"east": {"uv": [0, 0, 0.5, 1.75], "texture": "#0"},
				"south": {"uv": [0, 0, 1.25, 1.75], "texture": "#0"},
				"west": {"uv": [0, 0, 0.5, 1.75], "texture": "#0"},
				"up": {"uv": [0, 0, 1.25, 0.5], "texture": "#0"},
				"down": {"uv": [0, 0, 1.25, 0.5], "texture": "#0"}
			}
		}
	],
	"display": {
		"thirdperson_righthand": {
			"rotation": [52, 0, 0],
			"translation": [0.25, -2.25, 0],
			"scale": [0.32, 0.32, 0.32]
		},
		"thirdperson_lefthand": {
			"rotation": [30, 0, 0],
			"scale": [0.32, 0.32, 0.32]
		},
		"firstperson_righthand": {
			"translation": [2.75, -1.25, -2.75]
		},
		"firstperson_lefthand": {
			"translation": [2.25, -1.5, 0]
		},
		"ground": {
			"scale": [0.40039, 0.35156, 0.37109]
		},
		"gui": {
			"translation": [0, -2.75, 0],
			"scale": [0.75, 0.89453, 1]
		},
		"head": {
			"translation": [0, -2.5, -3],
			"scale": [1, 1.08008, 2.36328]
		},
		"fixed": {
			"translation": [0, -8.25, 0],
			"scale": [1.66992, 2.25781, 1]
		}
	},
	"groups": [
		{
			"name": "group",
			"origin": [8, 8, 8],
			"color": 0,
			"children": [0, 1, 2, 3, 4, 5, 6, 7, 8]
		}
	]
}