{
	"credit": "Made with Blockbench",
	"textures": {
		"0": "block/white_concrete",
		"2": "block/black_concrete",
		"3": "models/armor/chainmail_layer_1",
		"particle": "block/white_concrete"
	},
	"elements": [
		{
			"from": [0.9, 0, 1],
			"to": [15.1, 0.6, 11],
			"faces": {
				"north": {"uv": [0, 0, 14.2, 0.6], "texture": "#0"},
				"east": {"uv": [0, 0, 10, 0.6], "texture": "#0"},
				"south": {"uv": [0, 0, 14.2, 0.6], "texture": "#0"},
				"west": {"uv": [0, 0, 10, 0.6], "texture": "#0"},
				"up": {"uv": [0, 0, 14.2, 10], "texture": "#0"},
				"down": {"uv": [0, 0, 14.2, 10], "texture": "#0"}
			}
		},
		{
			"from": [1, 4.8, 9.6],
			"to": [15, 15.8, 10.2],
			"rotation": {"angle": 22.5, "axis": "x", "origin": [0, 0, 0]},
			"faces": {
				"north": {"uv": [0, 0, 14, 11], "texture": "#0"},
				"east": {"uv": [0, 0, 0.6, 11], "texture": "#0"},
				"south": {"uv": [0, 0, 14, 11], "texture": "#0"},
				"west": {"uv": [0, 0, 0.6, 11], "texture": "#0"},
				"up": {"uv": [0, 0, 14, 0.6], "texture": "#0"},
				"down": {"uv": [0, 0, 14, 0.6], "texture": "#0"}
			}
		},
		{
			"from": [1.3, 5.4, 9.5],
			"to": [14.6, 15.5, 9.7],
			"rotation": {"angle": 22.5, "axis": "x", "origin": [0, 0, 0]},
			"faces": {
				"north": {"uv": [0, 0, 13.3, 10.1], "texture": "#2"},
				"east": {"uv": [0, 0, 0.2, 10.1], "texture": "#2"},
				"south": {"uv": [0, 0, 13.3, 10.1], "texture": "#missing"},
				"west": {"uv": [0, 0, 0.2, 10.1], "texture": "#2"},
				"up": {"uv": [0, 0, 13.3, 0.2], "texture": "#2"},
				"down": {"uv": [0, 0, 13.3, 0.2], "texture": "#2"}
			}
		},
		{
			"from": [2, 0.45, 4],
			"to": [14, 0.7, 10],
			"faces": {
				"north": {"uv": [0, 0, 12, 0.25], "texture": "#missing"},
				"east": {"uv": [0, 0, 6, 0.25], "texture": "#missing"},
				"south": {"uv": [0, 0, 12, 0.25], "texture": "#missing"},
				"west": {"uv": [0, 0, 6, 0.25], "texture": "#missing"},
				"up": {"uv": [11.5, 11, 13.75, 13], "texture": "#3"},
				"down": {"uv": [0, 0, 12, 6], "texture": "#missing"}
			}
		}
	],
	"display": {
		"thirdperson_righthand": {
			"rotation": [47, 31, 0],
			"translation": [-0.75, 5.5, -1.75],
			"scale": [0.6, 0.6, 0.6]
		},
		"thirdperson_lefthand": {
			"rotation": [32, 44, 0],
			"translation": [0, 7, 0],
			"scale": [0.6, 0.6, 0.6]
		},
		"firstperson_righthand": {
			"translation": [0, 3.75, 0],
			"scale": [0.6, 0.6, 0.6]
		},
		"firstperson_lefthand": {
			"translation": [0, 3.75, 0],
			"scale": [0.6, 0.6, 0.6]
		},
		"ground": {
			"translation": [0, 1, 0],
			"scale": [0.6, 0.6, 0.6]
		},
		"gui": {
			"rotation": [31, -180, 0],
			"translation": [0, 1.5, 0]
		},
		"head": {
			"rotation": [-15, 0, 0],
			"translation": [0, 0.25, -12.5],
			"scale": [1, 1.48438, 1]
		},
		"fixed": {
			"rotation": [-22, 0, 0],
			"translation": [0, 0, -5.5]
		}
	}
}