{
	"credit": "Made with Blockbench",
	"textures": {
		"4": "block/black_concrete",
		"5": "block/white_concrete_powder",
		"6": "block/acacia_planks"
	},
	"elements": [
		{
			"from": [2, 0, 2],
			"to": [14, 16, 14],
			"faces": {
				"north": {"uv": [0, 0, 12, 16], "texture": "#6"},
				"east": {"uv": [0, 0, 12, 16], "texture": "#6"},
				"south": {"uv": [0, 0, 12, 16], "texture": "#6"},
				"west": {"uv": [0, 0, 12, 16], "texture": "#6"},
				"up": {"uv": [0, 0, 12, 12], "texture": "#6"},
				"down": {"uv": [0, 0, 12, 12], "texture": "#6"}
			}
		},
		{
			"from": [4, 5, 1.2],
			"to": [6, 11, 3.2],
			"faces": {
				"north": {"uv": [0, 0, 2, 6], "texture": "#4"},
				"east": {"uv": [0, 0, 2, 6], "texture": "#missing"},
				"south": {"uv": [0, 0, 2, 6], "texture": "#missing"},
				"west": {"uv": [0, 0, 2, 6], "texture": "#4"},
				"up": {"uv": [0, 0, 2, 2], "texture": "#4"},
				"down": {"uv": [0, 0, 2, 2], "texture": "#4"}
			}
		},
		{
			"from": [5, 10, 1.2],
			"to": [11, 12, 3.2],
			"faces": {
				"north": {"uv": [0, 0, 6, 2], "texture": "#4"},
				"east": {"uv": [0, 0, 2, 2], "texture": "#4"},
				"south": {"uv": [0, 0, 6, 2], "texture": "#missing"},
				"west": {"uv": [0, 0, 2, 2], "texture": "#4"},
				"up": {"uv": [0, 0, 6, 2], "texture": "#4"},
				"down": {"uv": [0, 0, 6, 2], "texture": "#missing"}
			}
		},
		{
			"from": [10, 5, 1.2],
			"to": [12, 11, 3.2],
			"faces": {
				"north": {"uv": [0, 0, 2, 6], "texture": "#4"},
				"east": {"uv": [0, 0, 2, 6], "texture": "#4"},
				"south": {"uv": [0, 0, 2, 6], "texture": "#missing"},
				"west": {"uv": [0, 0, 2, 6], "texture": "#missing"},
				"up": {"uv": [0, 0, 2, 2], "texture": "#4"},
				"down": {"uv": [0, 0, 2, 2], "texture": "#4"}
			}
		},
		{
			"from": [5, 4, 1.2],
			"to": [11, 6, 3.2],
			"faces": {
				"north": {"uv": [0, 0, 6, 2], "texture": "#4"},
				"east": {"uv": [0, 0, 2, 2], "texture": "#4"},
				"south": {"uv": [0, 0, 6, 2], "texture": "#missing"},
				"west": {"uv": [0, 0, 2, 2], "texture": "#4"},
				"up": {"uv": [0, 0, 6, 2], "texture": "#missing"},
				"down": {"uv": [0, 0, 6, 2], "texture": "#4"}
			}
		},
		{
			"from": [6, 6, 1.3],
			"to": [10, 10, 3.3],
			"faces": {
				"north": {"uv": [0, 0, 4, 4], "texture": "#5"},
				"east": {"uv": [0, 0, 2, 4], "texture": "#missing"},
				"south": {"uv": [0, 0, 4, 4], "texture": "#missing"},
				"west": {"uv": [0, 0, 2, 4], "texture": "#missing"},
				"up": {"uv": [0, 0, 4, 2], "texture": "#missing"},
				"down": {"uv": [0, 0, 4, 2], "texture": "#missing"}
			}
		},
		{
			"from": [7, 7, 1.2],
			"to": [9, 9, 3.2],
			"faces": {
				"north": {"uv": [0, 0, 2, 2], "texture": "#4"},
				"east": {"uv": [0, 0, 2, 2], "texture": "#missing"},
				"south": {"uv": [0, 0, 2, 2], "texture": "#missing"},
				"west": {"uv": [0, 0, 2, 2], "texture": "#missing"},
				"up": {"uv": [0, 0, 2, 2], "texture": "#missing"},
				"down": {"uv": [0, 0, 2, 2], "texture": "#missing"}
			}
		}
	],
	"display": {
		"thirdperson_righthand": {
			"scale": [0.5, 0.5, 0.5]
		},
		"thirdperson_lefthand": {
			"scale": [0.5, 0.5, 0.5]
		},
		"firstperson_righthand": {
			"scale": [0.5, 0.5, 0.5]
		},
		"firstperson_lefthand": {
			"scale": [0.5, 0.5, 0.5]
		},
		"gui": {
			"rotation": [0, 180, 0]
		}
	},
	"groups": [
		0,
		{
			"name": "group",
			"origin": [0, 0, 0],
			"color": 0,
			"children": [1, 2, 3, 4, 5, 6]
		}
	]
}