{
	"credit": "Made with Blockbench",
	"textures": {
		"0": "block/oak_log",
		"particle": "block/oak_log"
	},
	"elements": [
		{
			"from": [6, 0, 6],
			"to": [10, 13, 10],
			"faces": {
				"north": {"uv": [0, 0, 4, 13], "texture": "#0"},
				"east": {"uv": [0, 0, 4, 13], "texture": "#0"},
				"south": {"uv": [0, 0, 4, 13], "texture": "#0"},
				"west": {"uv": [0, 0, 4, 13], "texture": "#0"},
				"up": {"uv": [0, 0, 4, 4], "texture": "#0"},
				"down": {"uv": [0, 0, 4, 4], "texture": "#0"}
			}
		},
		{
			"from": [0, 13, 0],
			"to": [16, 16, 16],
			"faces": {
				"north": {"uv": [0, 0, 16, 3], "texture": "#0"},
				"east": {"uv": [0, 0, 16, 3], "texture": "#0"},
				"south": {"uv": [0, 0, 16, 3], "texture": "#0"},
				"west": {"uv": [0, 0, 16, 3], "texture": "#0"},
				"up": {"uv": [0, 0, 16, 16], "texture": "#0"},
				"down": {"uv": [0, 0, 16, 16], "texture": "#0"}
			}
		}
	],
	"display": {
		"thirdperson_righthand": {
			"rotation": [28, -28, 0],
			"scale": [0.3, 0.3, 0.3]
		},
		"thirdperson_lefthand": {
			"rotation": [28, -28, 0],
			"scale": [0.3, 0.3, 0.3]
		},
		"firstperson_righthand": {
			"rotation": [20, 50, 0],
			"scale": [0.5, 0.5, 0.5]
		},
		"firstperson_lefthand": {
			"rotation": [20, 50, 0],
			"scale": [0.5, 0.5, 0.5]
		},
		"ground": {
			"scale": [0.4, 0.4, 0.4]
		},
		"gui": {
			"rotation": [30, 40, 0],
			"translation": [0, -0.75, 0],
			"scale": [0.6, 0.6, 0.6]
		}
	}
}