{
	"credit": "Made with Blockbench",
	"textures": {
		"0": "block/oak_planks",
		"1": "block/white_concrete",
		"2": "block/andesite",
		"particle": "block/oak_planks"
	},
	"elements": [
		{
			"from": [0, 0, 6],
			"to": [16, 16, 16],
			"rotation": {"angle": 0, "axis": "y", "origin": [0, 0, 6]},
			"faces": {
				"north": {"uv": [0, 0, 16, 16], "texture": "#0"},
				"east": {"uv": [0, 0, 10, 16], "texture": "#0"},
				"south": {"uv": [0, 0, 16, 16], "texture": "#0"},
				"west": {"uv": [6, 0, 16, 16], "texture": "#0"},
				"up": {"uv": [0, 6, 16, 16], "texture": "#0"},
				"down": {"uv": [0, 0, 16, 10], "texture": "#0"}
			}
		},
		{
			"from": [1, 1, 5],
			"to": [15, 15, 7],
			"rotation": {"angle": 0, "axis": "y", "origin": [1, 1, 5]},
			"faces": {
				"north": {"uv": [0, 0, 14, 14], "texture": "#1"},
				"east": {"uv": [0, 0, 2, 14], "texture": "#1"},
				"south": {"uv": [0, 0, 14, 14], "texture": "#1"},
				"west": {"uv": [0, 0, 2, 14], "texture": "#1"},
				"up": {"uv": [0, 0, 14, 2], "texture": "#1"},
				"down": {"uv": [0, 0, 14, 2], "texture": "#1"}
			}
		},
		{
			"from": [3, 5.5, 4.5],
			"to": [4, 10.5, 6.5],
			"rotation": {"angle": 0, "axis": "y", "origin": [3, 8.5, 4.5]},
			"faces": {
				"north": {"uv": [0, 0, 1, 5], "texture": "#2"},
				"east": {"uv": [0, 0, 2, 5], "texture": "#2"},
				"south": {"uv": [0, 0, 1, 5], "texture": "#2"},
				"west": {"uv": [0, 0, 2, 5], "texture": "#2"},
				"up": {"uv": [0, 0, 1, 2], "texture": "#2"},
				"down": {"uv": [0, 0, 1, 2], "texture": "#2"}
			}
		}
	],
	"display": {
		"thirdperson_righthand": {
			"rotation": [29, 26, 0],
			"translation": [0.75, 0, 0],
			"scale": [0.5, 0.5, 0.5]
		},
		"thirdperson_lefthand": {
			"rotation": [29, 26, 0],
			"translation": [0.75, 0, 0],
			"scale": [0.5, 0.5, 0.5]
		},
		"firstperson_righthand": {
			"rotation": [29, -3, 0],
			"translation": [0.75, 0, 0],
			"scale": [0.5, 0.5, 0.5]
		},
		"firstperson_lefthand": {
			"rotation": [29, -3, 0],
			"translation": [0.75, 0, 0],
			"scale": [0.5, 0.5, 0.5]
		},
		"ground": {
			"scale": [0.3, 0.3, 0.3]
		},
		"gui": {
			"rotation": [26, 149, 0],
			"translation": [-1, -1, 0],
			"scale": [0.73, 0.73, 0.74]
		},
		"head": {
			"translation": [0, 0, -3.5],
			"scale": [1, 1, 1.32617]
		},
		"fixed": {
			"scale": [1.50586, 1.54688, 1]
		}
	}
}