{
	"credit": "Made with Blockbench",
	"textures": {
		"0": "block/quartz_block_bottom",
		"1": "block/cyan_terracotta",
		"2": "block/iron_block",
		"particle": "block/quartz_block_bottom"
	},
	"elements": [
		{
			"from": [7, 25, 9.4],
			"to": [8.4, 26.5, 11.4],
			"faces": {
				"north": {"uv": [0, 1, 1.4, 2.5], "texture": "#2"},
				"east": {"uv": [0, 0, 2, 1.5], "texture": "#2"},
				"south": {"uv": [0, 0, 1.4, 1.5], "texture": "#missing"},
				"west": {"uv": [0, 0, 2, 1.5], "texture": "#2"},
				"up": {"uv": [0, 0, 1.4, 2], "texture": "#2"},
				"down": {"uv": [0, 0, 1.4, 2], "texture": "#2"}
			}
		},
		{
			"from": [7.3, 25.4, 8.9],
			"to": [8.1, 26.2, 9.9],
			"faces": {
				"north": {"uv": [0, 1, 16, 16], "texture": "#2"},
				"east": {"uv": [0, 0, 1, 0.8], "texture": "#2"},
				"south": {"uv": [0, 0, 0.8, 0.8], "texture": "#missing"},
				"west": {"uv": [0, 0, 1, 0.8], "texture": "#2"},
				"up": {"uv": [0, 0, 16, 16], "texture": "#2"},
				"down": {"uv": [0, 0, 0.8, 1], "texture": "#2"}
			}
		},
		{
			"from": [4, 0, 13],
			"to": [13, 20, 16],
			"faces": {
				"north": {"uv": [0, 0, 9, 16], "texture": "#0"},
				"east": {"uv": [0, 0, 3, 16], "texture": "#0"},
				"south": {"uv": [0, 0, 9, 16], "texture": "#0"},
				"west": {"uv": [0, 0, 3, 16], "texture": "#0"},
				"up": {"uv": [0, 0, 9, 3], "texture": "#0"},
				"down": {"uv": [0, 0, 9, 3], "texture": "#0"}
			}
		},
		{
			"from": [12, 0, 4],
			"to": [15, 20, 16],
			"faces": {
				"north": {"uv": [0, 0, 3, 16], "texture": "#0"},
				"east": {"uv": [0, 0, 12, 16], "texture": "#0"},
				"south": {"uv": [0, 0, 3, 16], "texture": "#0"},
				"west": {"uv": [0, 0, 12, 16], "texture": "#0"},
				"up": {"uv": [0, 0, 3, 12], "texture": "#0"},
				"down": {"uv": [0, 0, 3, 12], "texture": "#0"}
			}
		},
		{
			"from": [1, 0, 4],
			"to": [4, 20, 16],
			"faces": {
				"north": {"uv": [0, 0, 3, 16], "texture": "#0"},
				"east": {"uv": [0, 0, 12, 16], "texture": "#0"},
				"south": {"uv": [0, 0, 3, 16], "texture": "#0"},
				"west": {"uv": [0, 0, 12, 16], "texture": "#0"},
				"up": {"uv": [0, 0, 3, 12], "texture": "#0"},
				"down": {"uv": [0, 0, 3, 12], "texture": "#0"}
			}
		},
		{
			"from": [1.9, 20, 6],
			"to": [14.1, 22, 15.4],
			"faces": {
				"north": {"uv": [0, 0, 12.2, 2], "texture": "#0"},
				"east": {"uv": [0, 0, 9.4, 2], "texture": "#0"},
				"south": {"uv": [0, 0, 12.2, 2], "texture": "#0"},
				"west": {"uv": [0, 0, 9.4, 2], "texture": "#0"},
				"up": {"uv": [0, 0, 12.2, 9.4], "texture": "#0"},
				"down": {"uv": [0, 0, 12.2, 9.4], "texture": "#0"}
			}
		},
		{
			"from": [4, 0, 4],
			"to": [12, 1, 13],
			"faces": {
				"north": {"uv": [0, 0, 8, 1], "texture": "#0"},
				"east": {"uv": [0, 0, 9, 1], "texture": "#0"},
				"south": {"uv": [0, 0, 8, 1], "texture": "#0"},
				"west": {"uv": [0, 0, 9, 1], "texture": "#0"},
				"up": {"uv": [0, 0, 8, 9], "texture": "#0"},
				"down": {"uv": [0, 0, 8, 9], "texture": "#0"}
			}
		},
		{
			"from": [6.4, 16.2, 11.8],
			"to": [9.5, 20, 14.8],
			"faces": {
				"north": {"uv": [0, 0, 3.1, 3.8], "texture": "#1"},
				"east": {"uv": [0, 0, 3, 3.8], "texture": "#1"},
				"south": {"uv": [0, 0, 3.1, 3.8], "texture": "#0"},
				"west": {"uv": [0, 0, 3, 3.8], "texture": "#1"},
				"up": {"uv": [0, 0, 3.1, 3], "texture": "#0"},
				"down": {"uv": [0, 0, 3.1, 3], "texture": "#1"}
			}
		},
		{
			"from": [6, 0.2, 5],
			"to": [10, 1.2, 10],
			"faces": {
				"north": {"uv": [0, 0, 4, 1], "texture": "#0"},
				"east": {"uv": [0, 0, 5, 1], "texture": "#0"},
				"south": {"uv": [0, 0, 4, 1], "texture": "#0"},
				"west": {"uv": [0, 0, 5, 1], "texture": "#0"},
				"up": {"uv": [0, 0, 4, 5], "texture": "#0"},
				"down": {"uv": [0, 0, 4, 5], "texture": "#0"}
			}
		},
		{
			"from": [7.4, 0.3, 7],
			"to": [8.5, 1.3, 9],
			"faces": {
				"north": {"uv": [0, 0, 1.1, 1], "texture": "#missing"},
				"east": {"uv": [0, 0, 2, 1], "texture": "#missing"},
				"south": {"uv": [0, 0, 1.1, 1], "texture": "#missing"},
				"west": {"uv": [0, 0, 2, 1], "texture": "#missing"},
				"up": {"uv": [0, 0, 1.1, 2], "texture": "#1"},
				"down": {"uv": [0, 0, 1.1, 2], "texture": "#missing"}
			}
		},
		{
			"from": [6.7, 22, 10],
			"to": [8.7, 28, 12],
			"faces": {
				"north": {"uv": [0, 0, 2, 6], "texture": "#1"},
				"east": {"uv": [0, 0, 2, 6], "texture": "#1"},
				"south": {"uv": [0, 0, 2, 6], "texture": "#1"},
				"west": {"uv": [0, 0, 2, 6], "texture": "#1"},
				"up": {"uv": [0, 0, 2, 2], "texture": "#1"},
				"down": {"uv": [0, 0, 2, 2], "texture": "#missing"}
			}
		},
		{
			"from": [6.7, 26, 12],
			"to": [8.7, 28, 16],
			"faces": {
				"north": {"uv": [0, 0, 2, 2], "texture": "#missing"},
				"east": {"uv": [0, 0, 4, 2], "texture": "#1"},
				"south": {"uv": [0, 0, 2, 2], "texture": "#1"},
				"west": {"uv": [0, 0, 4, 2], "texture": "#1"},
				"up": {"uv": [0, 0, 2, 4], "texture": "#1"},
				"down": {"uv": [0, 0, 2, 4], "texture": "#1"}
			}
		}
	],
	"display": {
		"thirdperson_righthand": {
			"translation": [0, 0, -1.75],
			"scale": [0.56641, 0.35547, 0.45703]
		},
		"thirdperson_lefthand": {
			"translation": [0, 0, -2],
			"scale": [0.35156, 0.35, 0.35]
		},
		"firstperson_righthand": {
			"scale": [0.49414, 0.49, 0.49]
		},
		"firstperson_lefthand": {
			"scale": [0.49, 0.49, 0.49]
		},
		"ground": {
			"scale": [0.49, 0.49, 0.49]
		},
		"gui": {
			"rotation": [0, -180, 0],
			"translation": [0, -1.75, 0],
			"scale": [0.73633, 0.73, 0.73]
		},
		"head": {
			"translation": [0, -5.5, 0],
			"scale": [1, 0.98047, 1]
		},
		"fixed": {
			"scale": [0.05469, 0, 0]
		}
	},
	"groups": [
		{
			"name": "group",
			"origin": [0, 0, 0],
			"color": 0,
			"children": [0, 1]
		},
		{
			"name": "group",
			"origin": [0, 0, 0],
			"color": 0,
			"children": [2, 3, 4, 5, 6, 7, 8, 9, 10, 11]
		}
	]
}