{
	"credit": "Made with Blockbench",
	"texture_size": [32, 32],
	"textures": {
		"0": "stop",
		"1": "oshiri",
		"2": "bide",
		"3": "washlet",
		"4": "yowaku",
		"5": "tuyoku",
		"7": "white",
		"8": "block/white_concrete",
		"9": "block/oak_log",
		"particle": "stop"
	},
	"elements": [
		{
			"from": [4, 0, 5],
			"to": [12, 7, 12],
			"rotation": {"angle": 0, "axis": "y", "origin": [5, 0, 5]},
			"faces": {
				"north": {"uv": [0, 0, 4, 3.5], "texture": "#8"},
				"east": {"uv": [0, 0, 3.5, 3.5], "texture": "#8"},
				"south": {"uv": [0, 0, 4, 3.5], "texture": "#8"},
				"west": {"uv": [0, 0, 3.5, 3.5], "texture": "#8"},
				"up": {"uv": [0, 0, 4, 3.5], "texture": "#8"},
				"down": {"uv": [0, 0, 4, 3.5], "texture": "#8"}
			}
		},
		{
			"from": [3, 7, 2],
			"to": [13, 9, 12],
			"rotation": {"angle": 0, "axis": "y", "origin": [2, 6, 1]},
			"faces": {
				"north": {"uv": [0, 0, 5, 1], "texture": "#8"},
				"east": {"uv": [0, 0, 5, 1], "texture": "#8"},
				"south": {"uv": [0, 0, 5, 1], "texture": "#8"},
				"west": {"uv": [0, 0, 5, 1], "texture": "#8"},
				"up": {"uv": [0, 0, 5, 5], "texture": "#8"},
				"down": {"uv": [0, 0, 5, 5], "texture": "#8"}
			}
		},
		{
			"from": [2, 7, 12],
			"to": [14, 18, 15.5],
			"rotation": {"angle": 0, "axis": "y", "origin": [0, 7, 14]},
			"faces": {
				"north": {"uv": [0, 0, 6, 5.5], "texture": "#8"},
				"east": {"uv": [0, 0, 1.75, 5.5], "texture": "#8"},
				"south": {"uv": [0, 0, 6, 5.5], "texture": "#8"},
				"west": {"uv": [0, 0, 1.75, 5.5], "texture": "#8"},
				"up": {"uv": [0, 0, 6, 1.75], "texture": "#8"},
				"down": {"uv": [0, 0, 6, 1.75], "texture": "#8"}
			}
		},
		{
			"from": [1, 15.80657, 14.5344],
			"to": [2.25, 17.05657, 14.7844],
			"rotation": {"angle": -22.5, "axis": "x", "origin": [1.5, 15.05657, 14.5344]},
			"faces": {
				"north": {"uv": [1, 2, 2, 3], "texture": "#8"},
				"east": {"uv": [2, 1, 3, 2], "texture": "#7"},
				"south": {"uv": [2, 2, 3, 3], "texture": "#8"},
				"west": {"uv": [0, 3, 1, 4], "texture": "#8"},
				"up": {"uv": [4, 1, 3, 0], "texture": "#8"},
				"down": {"uv": [2, 3, 1, 4], "texture": "#8"}
			}
		},
		{
			"from": [1, 15.73122, 13.34434],
			"to": [2.25, 15.98122, 14.59434],
			"rotation": {"angle": 22.5, "axis": "x", "origin": [1.5, 15.73122, 15.34434]},
			"faces": {
				"north": {"uv": [3, 1, 4, 2], "texture": "#8"},
				"east": {"uv": [2, 3, 3, 4], "texture": "#7"},
				"south": {"uv": [3, 2, 4, 3], "texture": "#8"},
				"west": {"uv": [3, 3, 4, 4], "texture": "#8"},
				"up": {"uv": [1, 5, 0, 4], "texture": "#8"},
				"down": {"uv": [5, 0, 4, 1], "texture": "#8"}
			}
		},
		{
			"from": [1, 15.90224, 13.48463],
			"to": [2.25, 17.15224, 13.73463],
			"rotation": {"angle": 22.5, "axis": "x", "origin": [1.5, 15.15224, 13.48463]},
			"faces": {
				"north": {"uv": [1, 4, 2, 5], "texture": "#8"},
				"east": {"uv": [4, 1, 5, 2], "texture": "#7"},
				"south": {"uv": [2, 4, 3, 5], "texture": "#8"},
				"west": {"uv": [4, 2, 5, 3], "texture": "#8"},
				"up": {"uv": [4, 5, 3, 4], "texture": "#8"},
				"down": {"uv": [5, 3, 4, 4], "texture": "#8"}
			}
		},
		{
			"from": [1, 15.71219, 13.55999],
			"to": [2.25, 15.96219, 14.80999],
			"rotation": {"angle": -22.5, "axis": "x", "origin": [1.5, 15.96219, 12.80999]},
			"faces": {
				"north": {"uv": [4, 4, 5, 5], "texture": "#8"},
				"east": {"uv": [0, 5, 1, 6], "texture": "#7"},
				"south": {"uv": [5, 0, 6, 1], "texture": "#8"},
				"west": {"uv": [1, 5, 2, 6], "texture": "#8"},
				"up": {"uv": [6, 2, 5, 1], "texture": "#8"},
				"down": {"uv": [3, 5, 2, 6], "texture": "#8"}
			}
		},
		{
			"from": [1, 16.24012, 13.06676],
			"to": [2.25, 17.49012, 13.31676],
			"rotation": {"angle": 45, "axis": "x", "origin": [1.5, 15.49012, 13.06676]},
			"faces": {
				"north": {"uv": [5, 2, 6, 3], "texture": "#8"},
				"east": {"uv": [3, 5, 4, 6], "texture": "#7"},
				"south": {"uv": [5, 3, 6, 4], "texture": "#8"},
				"west": {"uv": [4, 5, 5, 6], "texture": "#8"},
				"up": {"uv": [6, 5, 5, 4], "texture": "#8"},
				"down": {"uv": [6, 5, 5, 6], "texture": "#8"}
			}
		},
		{
			"from": [1, 16.24658, 13.50342],
			"to": [2.25, 16.49658, 14.75342],
			"rotation": {"angle": 0, "axis": "y", "origin": [1.5, 16.49658, 12.75342]},
			"faces": {
				"north": {"uv": [0, 0, 1, 1], "texture": "#8"},
				"east": {"uv": [0, 1, 1, 2], "texture": "#7"},
				"south": {"uv": [1, 0, 2, 1], "texture": "#8"},
				"west": {"uv": [1, 1, 2, 2], "texture": "#8"},
				"up": {"uv": [1, 3, 0, 2], "texture": "#8"},
				"down": {"uv": [3, 0, 2, 1], "texture": "#8"}
			}
		},
		{
			"from": [1, 16.06334, 15.00647],
			"to": [2.25, 17.31334, 15.25647],
			"rotation": {"angle": -45, "axis": "x", "origin": [1.5, 15.31334, 15.00647]},
			"faces": {
				"north": {"uv": [0, 6, 1, 7], "texture": "#8"},
				"east": {"uv": [6, 0, 7, 1], "texture": "#7"},
				"south": {"uv": [1, 6, 2, 7], "texture": "#8"},
				"west": {"uv": [6, 1, 7, 2], "texture": "#8"},
				"up": {"uv": [3, 7, 2, 6], "texture": "#8"},
				"down": {"uv": [7, 2, 6, 3], "texture": "#8"}
			}
		},
		{
			"from": [1.1, 14.75, 13.9],
			"to": [1.6, 16, 14.4],
			"rotation": {"angle": 0, "axis": "y", "origin": [0.1, 14, 13.9]},
			"faces": {
				"north": {"uv": [3, 6, 4, 7], "texture": "#8"},
				"east": {"uv": [6, 3, 7, 4], "texture": "#7"},
				"south": {"uv": [4, 6, 5, 7], "texture": "#8"},
				"west": {"uv": [6, 4, 7, 5], "texture": "#8"},
				"up": {"uv": [6, 7, 5, 6], "texture": "#8"},
				"down": {"uv": [7, 5, 6, 6], "texture": "#8"}
			}
		},
		{
			"from": [1, 15.75, 14],
			"to": [2.25, 17, 14.25],
			"rotation": {"angle": 0, "axis": "y", "origin": [1.5, 15, 14]},
			"faces": {
				"north": {"uv": [6, 6, 7, 7], "texture": "#8"},
				"east": {"uv": [0, 7, 1, 8], "texture": "#7"},
				"south": {"uv": [7, 0, 8, 1], "texture": "#8"},
				"west": {"uv": [1, 7, 2, 8], "texture": "#8"},
				"up": {"uv": [8, 2, 7, 1], "texture": "#8"},
				"down": {"uv": [3, 7, 2, 8], "texture": "#8"}
			}
		},
		{
			"from": [14, 9.15, 2],
			"to": [15, 10.15, 3],
			"rotation": {"angle": 0, "axis": "y", "origin": [14, 9.15, 2]},
			"faces": {
				"north": {"uv": [0, 0, 1, 1], "texture": "#7"},
				"east": {"uv": [0, 1, 1, 2], "texture": "#7"},
				"south": {"uv": [1, 0, 2, 1], "texture": "#7"},
				"west": {"uv": [1, 1, 2, 2], "texture": "#7"},
				"up": {"uv": [16, 16, 0, 0], "texture": "#0"},
				"down": {"uv": [3, 0, 2, 1], "texture": "#7"}
			}
		},
		{
			"from": [14, 8.15, 3.5],
			"to": [15, 10.15, 4.5],
			"rotation": {"angle": 0, "axis": "y", "origin": [14, 8.15, 2.5]},
			"faces": {
				"north": {"uv": [0, 0, 0.5, 1], "texture": "#7"},
				"east": {"uv": [0, 0, 0.5, 1], "texture": "#7"},
				"south": {"uv": [0, 0, 0.5, 1], "texture": "#7"},
				"west": {"uv": [0, 0, 0.5, 1], "texture": "#7"},
				"up": {"uv": [0, 0, 16, 16], "rotation": 90, "texture": "#1"},
				"down": {"uv": [0, 0, 0.5, 0.5], "texture": "#7"}
			}
		},
		{
			"from": [14, 8.15, 5],
			"to": [15, 10.15, 6],
			"rotation": {"angle": 0, "axis": "y", "origin": [14, 8.15, 4]},
			"faces": {
				"north": {"uv": [0, 0, 0.5, 1], "texture": "#7"},
				"east": {"uv": [0, 0, 0.5, 1], "texture": "#7"},
				"south": {"uv": [0, 0, 0.5, 1], "texture": "#7"},
				"west": {"uv": [0, 0, 0.5, 1], "texture": "#7"},
				"up": {"uv": [0, 0, 16, 16], "rotation": 90, "texture": "#2"},
				"down": {"uv": [0, 0, 0.5, 0.5], "texture": "#7"}
			}
		},
		{
			"from": [14.25, 8.15, 7],
			"to": [14.75, 10.15, 7.5],
			"rotation": {"angle": 0, "axis": "y", "origin": [14.25, 8.15, 6]},
			"faces": {
				"north": {"uv": [0, 0, 0.5, 1], "texture": "#7"},
				"east": {"uv": [0, 0, 0.5, 1], "texture": "#7"},
				"south": {"uv": [0, 0, 0.5, 1], "texture": "#7"},
				"west": {"uv": [0, 0, 0.5, 1], "texture": "#7"},
				"up": {"uv": [0, 0, 16, 16], "rotation": 90, "texture": "#5"},
				"down": {"uv": [0, 0, 0.5, 0.5], "texture": "#7"}
			}
		},
		{
			"from": [14.25, 8.15, 7.75],
			"to": [14.75, 10.15, 8.25],
			"rotation": {"angle": 0, "axis": "y", "origin": [14.25, 8.15, 6.75]},
			"faces": {
				"north": {"uv": [0, 0, 0.5, 1], "texture": "#7"},
				"east": {"uv": [0, 0, 0.5, 1], "texture": "#7"},
				"south": {"uv": [0, 0, 0.5, 1], "texture": "#7"},
				"west": {"uv": [0, 0, 0.5, 1], "texture": "#7"},
				"up": {"uv": [0, 0, 16, 16], "rotation": 90, "texture": "#4"},
				"down": {"uv": [0, 0, 0.5, 0.5], "texture": "#7"}
			}
		},
		{
			"from": [13.5, 7.1, 1],
			"to": [16, 10, 14],
			"rotation": {"angle": 0, "axis": "y", "origin": [14, 7, 0]},
			"faces": {
				"north": {"uv": [3, 3, 4.5, 4.5], "texture": "#7"},
				"east": {"uv": [0, 0, 6.5, 1.5], "texture": "#7"},
				"south": {"uv": [3, 4.5, 4.5, 6], "texture": "#7"},
				"west": {"uv": [0, 1.5, 6.5, 3], "texture": "#7"},
				"up": {"uv": [16, 16, 0, 0], "texture": "#3"},
				"down": {"uv": [3, 3, 1.5, 9.5], "texture": "#7"}
			}
		},
		{
			"from": [4, 2.4, 4],
			"to": [12, 8.1, 6],
			"rotation": {"angle": -45, "axis": "x", "origin": [4, 5.4, 4]},
			"faces": {
				"north": {"uv": [0, 0, 4, 2.85], "texture": "#8"},
				"east": {"uv": [0, 0, 1, 2.85], "texture": "#8"},
				"south": {"uv": [0, 0, 4, 2.85], "texture": "#8"},
				"west": {"uv": [0, 0, 1, 2.85], "texture": "#8"},
				"up": {"uv": [0, 0, 4, 1], "texture": "#7"},
				"down": {"uv": [0, 0, 4, 1], "texture": "#8"}
			}
		},
		{
			"from": [1.5, 18, 11.9],
			"to": [14.5, 20, 15.7],
			"rotation": {"angle": 0, "axis": "y", "origin": [1.5, 18, 14]},
			"faces": {
				"north": {"uv": [0, 0, 6.5, 1], "texture": "#8"},
				"east": {"uv": [0, 0, 1.9, 1], "texture": "#8"},
				"south": {"uv": [0, 0, 6.5, 1], "texture": "#8"},
				"west": {"uv": [0, 0, 1.9, 1], "texture": "#8"},
				"up": {"uv": [0, 0, 6.5, 1.9], "texture": "#8"},
				"down": {"uv": [0, 0, 6.5, 1.9], "texture": "#8"}
			}
		},
		{
			"from": [2.75, 8.5, 1.5],
			"to": [13.25, 9.75, 12],
			"rotation": {"angle": 0, "axis": "y", "origin": [11, 8, 0]},
			"faces": {
				"north": {"uv": [0, 0, 16, 2], "texture": "#9"},
				"east": {"uv": [0, 0, 16, 1.625], "texture": "#9"},
				"south": {"uv": [0, 0, 16, 1.625], "texture": "#9"},
				"west": {"uv": [0, 0, 16, 1.625], "texture": "#9"},
				"up": {"uv": [0, 0, 16, 16], "texture": "#9"},
				"down": {"uv": [0, 0, 16, 16], "texture": "#9"}
			}
		}
	],
	"display": {
		"thirdperson_righthand": {
			"rotation": [0, 46, 0],
			"scale": [0.3, 0.3, 0.3]
		},
		"thirdperson_lefthand": {
			"rotation": [0, 46, 0],
			"scale": [0.3, 0.3, 0.3]
		},
		"firstperson_righthand": {
			"rotation": [0, 46, 0],
			"scale": [0.3, 0.3, 0.3]
		},
		"firstperson_lefthand": {
			"rotation": [0, 46, 0],
			"scale": [0.3, 0.3, 0.3]
		},
		"ground": {
			"scale": [0.3, 0.3, 0.3]
		},
		"gui": {
			"rotation": [24, 129, 0],
			"translation": [0, -1.75, 0],
			"scale": [0.6, 0.59, 0.6]
		}
	},
	"groups": [
		0,
		1,
		2,
		{
			"name": "lever",
			"origin": [0, 15, 13],
			"color": 0,
			"children": [3, 4, 5, 6, 7, 8, 9, 10, 11]
		},
		{
			"name": "botan",
			"origin": [14.25, 8.25, 6.75],
			"color": 0,
			"children": [12, 13, 14, 15, 16]
		},
		17,
		18,
		19,
		20
	]
}