{
	"credit": "Made with Blockbench",
	"textures": {
		"1": "block/black_concrete",
		"4": "block/gray_stained_glass",
		"particle": "block/light_gray_concrete"
	},
	"elements": [
		{
			"from": [5, 0, 7],
			"to": [11, 2, 9],
			"faces": {
				"north": {"uv": [0, 0, 6, 2], "texture": "#1"},
				"east": {"uv": [0, 0, 2, 2], "texture": "#1"},
				"south": {"uv": [0, 0, 6, 2], "texture": "#1"},
				"west": {"uv": [0, 0, 2, 2], "texture": "#1"},
				"up": {"uv": [0, 0, 6, 2], "texture": "#1"},
				"down": {"uv": [0, 0, 6, 2], "texture": "#1"}
			}
		},
		{
			"from": [7.5, 2, 7.75],
			"to": [8.5, 7, 8.25],
			"faces": {
				"north": {"uv": [0, 0, 1, 5], "texture": "#1"},
				"east": {"uv": [0, 0, 0.5, 5], "texture": "#1"},
				"south": {"uv": [0, 0, 1, 5], "texture": "#1"},
				"west": {"uv": [0, 0, 0.5, 5], "texture": "#1"},
				"up": {"uv": [0, 0, 1, 0.5], "texture": "#1"},
				"down": {"uv": [0, 0, 1, 0.5], "texture": "#1"}
			}
		},
		{
			"from": [-3.25, 7, 7.5],
			"to": [19.75, 22, 8.5],
			"faces": {
				"north": {"uv": [0, 0, 16, 15], "texture": "#1"},
				"east": {"uv": [0, 0, 1, 15], "texture": "#1"},
				"south": {"uv": [0, 0, 16, 15], "texture": "#1"},
				"west": {"uv": [0, 0, 1, 15], "texture": "#1"},
				"up": {"uv": [0, 0, 16, 1], "texture": "#1"},
				"down": {"uv": [0, 0, 16, 1], "texture": "#1"}
			}
		},
		{
			"from": [-3, 7.25, 7.4],
			"to": [19.5, 21.75, 7.5],
			"faces": {
				"north": {"uv": [3, 4, 13, 12.5], "texture": "#4"},
				"east": {"uv": [0, 0, 0.1, 14.5], "texture": "#1"},
				"south": {"uv": [0, 7, 8, 14.5], "texture": "#1"},
				"west": {"uv": [0, 10, 1.1, 14.5], "texture": "#1"},
				"up": {"uv": [0, 0, 16, 0.1], "texture": "#1"},
				"down": {"uv": [0, 0, 16, 0.1], "texture": "#1"}
			}
		}
	],
	"display": {
		"thirdperson_righthand": {
			"rotation": [-4, 144, 12],
			"translation": [0.25, 1.75, 1.75],
			"scale": [0.85, 0.85, 0.85]
		},
		"thirdperson_lefthand": {
			"rotation": [-4, 144, 12],
			"translation": [0.25, 1.75, 1.75],
			"scale": [0.85, 0.85, 0.85]
		},
		"firstperson_righthand": {
			"rotation": [12, 95, 1],
			"scale": [0.5, 0.5, 0.5]
		},
		"firstperson_lefthand": {
			"rotation": [12, 95, 1],
			"scale": [0.5, 0.5, 0.5]
		},
		"ground": {
			"scale": [0.5, 0.5, 0.5]
		},
		"gui": {
			"rotation": [24, 156, -1],
			"translation": [0, -2.5, 0],
			"scale": [0.6, 0.6, 0.6]
		}
	}
}