{
	"credit": "Made with Blockbench",
	"textures": {
		"1": "block/white_concrete",
		"particle": "block/white_concrete"
	},
	"elements": [
		{
			"from": [0, 0, 0],
			"to": [16, 2, 32],
			"faces": {
				"north": {"uv": [0, 0, 16, 2], "texture": "#1"},
				"east": {"uv": [0, 0, 16, 2], "texture": "#1"},
				"south": {"uv": [0, 0, 16, 2], "texture": "#1"},
				"west": {"uv": [0, 0, 16, 2], "texture": "#1"},
				"up": {"uv": [0, 0, 16, 16], "texture": "#1"},
				"down": {"uv": [0, 0, 16, 16], "texture": "#1"}
			}
		},
		{
			"from": [14, 2, 0],
			"to": [16, 14, 32],
			"faces": {
				"north": {"uv": [0, 0, 2, 12], "texture": "#1"},
				"east": {"uv": [0, 0, 16, 12], "texture": "#1"},
				"south": {"uv": [0, 0, 2, 12], "texture": "#1"},
				"west": {"uv": [0, 0, 16, 12], "texture": "#1"},
				"up": {"uv": [0, 0, 2, 16], "texture": "#1"},
				"down": {"uv": [0, 0, 2, 16], "texture": "#1"}
			}
		},
		{
			"from": [0, 2, 0],
			"to": [2, 14, 32],
			"faces": {
				"north": {"uv": [0, 0, 2, 12], "texture": "#1"},
				"east": {"uv": [0, 0, 16, 12], "texture": "#1"},
				"south": {"uv": [0, 0, 2, 12], "texture": "#1"},
				"west": {"uv": [0, 0, 16, 12], "texture": "#1"},
				"up": {"uv": [0, 0, 2, 16], "texture": "#1"},
				"down": {"uv": [0, 0, 2, 16], "texture": "#1"}
			}
		},
		{
			"from": [2, 2, 0],
			"to": [14, 14, 2],
			"faces": {
				"north": {"uv": [0, 0, 12, 12], "texture": "#1"},
				"east": {"uv": [0, 0, 2, 12], "texture": "#1"},
				"south": {"uv": [0, 0, 12, 12], "texture": "#1"},
				"west": {"uv": [0, 0, 2, 12], "texture": "#1"},
				"up": {"uv": [0, 0, 2, 12], "rotation": 270, "texture": "#1"},
				"down": {"uv": [0, 0, 2, 12], "rotation": 90, "texture": "#1"}
			}
		},
		{
			"from": [7, 14, 28],
			"to": [9, 20, 30],
			"faces": {
				"north": {"uv": [0, 0, 2, 6], "texture": "#1"},
				"east": {"uv": [0, 0, 2, 6], "texture": "#1"},
				"south": {"uv": [0, 0, 2, 6], "texture": "#1"},
				"west": {"uv": [0, 0, 2, 6], "texture": "#1"},
				"up": {"uv": [0, 0, 2, 2], "texture": "#1"},
				"down": {"uv": [0, 0, 2, 2], "texture": "#1"}
			}
		},
		{
			"from": [2, 2, 26],
			"to": [14, 14, 32],
			"faces": {
				"north": {"uv": [0, 0, 12, 12], "texture": "#1"},
				"east": {"uv": [0, 0, 2, 12], "texture": "#1"},
				"south": {"uv": [0, 0, 12, 12], "texture": "#1"},
				"west": {"uv": [0, 0, 2, 12], "texture": "#1"},
				"up": {"uv": [0, 0, 2, 12], "rotation": 270, "texture": "#1"},
				"down": {"uv": [0, 0, 2, 12], "rotation": 90, "texture": "#1"}
			}
		},
		{
			"from": [7, 18, 22],
			"to": [9, 20, 28],
			"faces": {
				"north": {"uv": [0, 0, 2, 2], "texture": "#1"},
				"east": {"uv": [0, 0, 6, 2], "texture": "#1"},
				"south": {"uv": [0, 0, 2, 2], "texture": "#1"},
				"west": {"uv": [0, 0, 6, 2], "texture": "#1"},
				"up": {"uv": [0, 0, 2, 6], "texture": "#1"},
				"down": {"uv": [0, 0, 2, 6], "texture": "#1"}
			}
		}
	],
	"display": {
		"thirdperson_righthand": {
			"translation": [0, 3.75, 0],
			"scale": [0.3, 0.3, 0.3]
		},
		"thirdperson_lefthand": {
			"translation": [0, 3.75, 0],
			"scale": [0.3, 0.3, 0.3]
		},
		"firstperson_righthand": {
			"translation": [0, 3.75, 0],
			"scale": [0.3, 0.3, 0.3]
		},
		"firstperson_lefthand": {
			"translation": [0, 3.75, 0],
			"scale": [0.3, 0.3, 0.3]
		},
		"ground": {
			"translation": [0, 3.75, 0],
			"scale": [0.3, 0.3, 0.3]
		},
		"gui": {
			"rotation": [26, 143, 0],
			"translation": [-1.75, -0.25, 0],
			"scale": [0.4, 0.4, 0.4]
		},
		"head": {
			"translation": [0, 3.75, 0],
			"scale": [0.3, 0.3, 0.3]
		}
	},
	"groups": [
		{
			"name": "group",
			"origin": [0, 0, 0],
			"color": 0,
			"children": [0, 1, 2, 3, 4, 5, 6]
		}
	]
}