{
	"credit": "Made with Blockbench",
	"textures": {
		"0": "block/oak_planks",
		"3": "block/bookshelf",
		"particle": "block/oak_planks"
	},
	"elements": [
		{
			"from": [0, 0, 7],
			"to": [16, 16, 16],
			"rotation": {"angle": 0, "axis": "y", "origin": [0, 0, 6]},
			"faces": {
				"north": {"uv": [0, 0, 16, 16], "texture": "#0"},
				"east": {"uv": [0, 0, 9, 16], "texture": "#0"},
				"south": {"uv": [0, 0, 16, 16], "texture": "#0"},
				"west": {"uv": [0, 0, 9, 16], "texture": "#0"},
				"up": {"uv": [0, 0, 16, 9], "texture": "#0"},
				"down": {"uv": [0, 0, 16, 9], "texture": "#0"}
			}
		},
		{
			"from": [1, 1, 6.9],
			"to": [15, 7, 7],
			"rotation": {"angle": 0, "axis": "y", "origin": [1, 1, 6.9]},
			"faces": {
				"north": {"uv": [1, 9, 15, 15], "texture": "#3"},
				"east": {"uv": [0, 0, 0.1, 6], "texture": "#0"},
				"south": {"uv": [0, 0, 14, 6], "texture": "#0"},
				"west": {"uv": [0, 0, 0.1, 6], "texture": "#0"},
				"up": {"uv": [0, 0, 14, 0.1], "texture": "#0"},
				"down": {"uv": [0, 0, 14, 0.1], "texture": "#0"}
			}
		},
		{
			"from": [1, 9, 6.9],
			"to": [15, 15, 7],
			"rotation": {"angle": 0, "axis": "y", "origin": [1, 9, 6.9]},
			"faces": {
				"north": {"uv": [1, 1, 15, 7], "texture": "#3"},
				"east": {"uv": [0, 0, 0.1, 6], "texture": "#0"},
				"south": {"uv": [0, 0, 14, 6], "texture": "#0"},
				"west": {"uv": [0, 0, 0.1, 6], "texture": "#0"},
				"up": {"uv": [0, 0, 14, 0.1], "texture": "#0"},
				"down": {"uv": [0, 0, 14, 0.1], "texture": "#0"}
			}
		},
		{
			"from": [0, 0, 6],
			"to": [1, 16, 7],
			"rotation": {"angle": 0, "axis": "y", "origin": [0, 0, 5]},
			"faces": {
				"north": {"uv": [0, 0, 1, 16], "texture": "#0"},
				"east": {"uv": [0, 0, 1, 16], "texture": "#0"},
				"south": {"uv": [0, 0, 1, 16], "texture": "#0"},
				"west": {"uv": [0, 0, 1, 16], "texture": "#0"},
				"up": {"uv": [0, 0, 1, 1], "texture": "#0"},
				"down": {"uv": [0, 0, 1, 1], "texture": "#0"}
			}
		},
		{
			"from": [1, 0, 6],
			"to": [15, 1, 7],
			"rotation": {"angle": 0, "axis": "y", "origin": [1, 0, 5]},
			"faces": {
				"north": {"uv": [0, 0, 14, 1], "texture": "#0"},
				"east": {"uv": [0, 0, 1, 1], "texture": "#0"},
				"south": {"uv": [0, 0, 14, 1], "texture": "#0"},
				"west": {"uv": [0, 0, 1, 1], "texture": "#0"},
				"up": {"uv": [0, 0, 14, 1], "texture": "#0"},
				"down": {"uv": [0, 0, 14, 1], "texture": "#0"}
			}
		},
		{
			"from": [1, 7, 6],
			"to": [15, 9, 7],
			"rotation": {"angle": 0, "axis": "y", "origin": [1, 7, 5]},
			"faces": {
				"north": {"uv": [0, 0, 14, 2], "texture": "#0"},
				"east": {"uv": [0, 0, 1, 2], "texture": "#0"},
				"south": {"uv": [0, 0, 14, 2], "texture": "#0"},
				"west": {"uv": [0, 0, 1, 2], "texture": "#0"},
				"up": {"uv": [0, 0, 14, 1], "texture": "#0"},
				"down": {"uv": [0, 0, 14, 1], "texture": "#0"}
			}
		},
		{
			"from": [1, 15, 6],
			"to": [15, 16, 7],
			"rotation": {"angle": 0, "axis": "y", "origin": [1, 14, 5]},
			"faces": {
				"north": {"uv": [0, 0, 14, 1], "texture": "#0"},
				"east": {"uv": [0, 0, 1, 1], "texture": "#0"},
				"south": {"uv": [0, 0, 14, 1], "texture": "#0"},
				"west": {"uv": [0, 0, 1, 1], "texture": "#0"},
				"up": {"uv": [0, 0, 14, 1], "texture": "#0"},
				"down": {"uv": [0, 0, 14, 1], "texture": "#0"}
			}
		},
		{
			"from": [15, 0, 6],
			"to": [16, 16, 7],
			"rotation": {"angle": 0, "axis": "y", "origin": [15, 0, 5]},
			"faces": {
				"north": {"uv": [0, 0, 1, 16], "texture": "#0"},
				"east": {"uv": [0, 0, 1, 16], "texture": "#0"},
				"south": {"uv": [0, 0, 1, 16], "texture": "#0"},
				"west": {"uv": [0, 0, 1, 16], "texture": "#0"},
				"up": {"uv": [0, 0, 1, 1], "texture": "#0"},
				"down": {"uv": [0, 0, 1, 1], "texture": "#0"}
			}
		}
	],
	"display": {
		"thirdperson_righthand": {
			"rotation": [29, 26, 0],
			"translation": [0.75, 0, 0],
			"scale": [0.5, 0.5, 0.5]
		},
		"thirdperson_lefthand": {
			"rotation": [29, 26, 0],
			"translation": [0.75, 0, 0],
			"scale": [0.5, 0.5, 0.5]
		},
		"firstperson_righthand": {
			"rotation": [29, -3, 0],
			"translation": [0.75, 0, 0],
			"scale": [0.5, 0.5, 0.5]
		},
		"firstperson_lefthand": {
			"rotation": [29, -3, 0],
			"translation": [0.75, 0, 0],
			"scale": [0.5, 0.5, 0.5]
		},
		"ground": {
			"scale": [0.3, 0.3, 0.3]
		},
		"gui": {
			"rotation": [26, 149, 0],
			"translation": [-1, -1, 0],
			"scale": [0.73, 0.73, 0.74]
		},
		"head": {
			"translation": [0, 0, -3.5],
			"scale": [1, 1, 1.32617]
		},
		"fixed": {
			"scale": [1.50586, 1.54688, 1]
		}
	}
}