{
	"credit": "Made with Blockbench",
	"textures": {
		"0": "block/glass",
		"1": "block/oak_planks",
		"2": "block/iron_block",
		"particle": "block/glass"
	},
	"elements": [
		{
			"from": [1, 2, 2.25],
			"to": [15, 11, 6.25],
			"rotation": {"angle": 0, "axis": "y", "origin": [5, 7, 8.25]},
			"faces": {
				"north": {"uv": [1, 1, 14, 9], "texture": "#0"},
				"east": {"uv": [10, 6, 4, 9], "texture": "#0"},
				"south": {"uv": [1, 1, 14, 9], "texture": "#0"},
				"west": {"uv": [14, 7, 4, 9], "texture": "#0"},
				"up": {"uv": [11, 5, 4, 14], "rotation": 90, "texture": "#0"},
				"down": {"uv": [8, 6, 4, 14], "rotation": 270, "texture": "#0"}
			}
		},
		{
			"from": [1, 2, 10.25],
			"to": [15, 11, 14.25],
			"rotation": {"angle": 0, "axis": "y", "origin": [5, 7, 8.25]},
			"faces": {
				"north": {"uv": [1, 1, 14, 9], "texture": "#0"},
				"east": {"uv": [10, 6, 4, 9], "texture": "#0"},
				"south": {"uv": [1, 1, 14, 9], "texture": "#0"},
				"west": {"uv": [14, 7, 4, 9], "texture": "#0"},
				"up": {"uv": [11, 5, 4, 14], "rotation": 90, "texture": "#0"},
				"down": {"uv": [8, 6, 4, 14], "rotation": 270, "texture": "#0"}
			}
		},
		{
			"from": [1, 0, 2.25],
			"to": [15, 1, 14.25],
			"rotation": {"angle": 0, "axis": "y", "origin": [5, 7, 8.25]},
			"faces": {
				"north": {"uv": [0, 0, 14, 1], "texture": "#1"},
				"east": {"uv": [0, 0, 12, 1], "texture": "#1"},
				"south": {"uv": [0, 0, 14, 1], "texture": "#1"},
				"west": {"uv": [0, 0, 12, 1], "texture": "#1"},
				"up": {"uv": [0, 0, 12, 14], "rotation": 90, "texture": "#1"},
				"down": {"uv": [0, 0, 12, 14], "rotation": 270, "texture": "#1"}
			}
		},
		{
			"from": [0, 0, 2.25],
			"to": [1, 12, 14.25],
			"rotation": {"angle": 0, "axis": "y", "origin": [5, 7, 8.25]},
			"faces": {
				"north": {"uv": [0, 0, 1, 12], "texture": "#1"},
				"east": {"uv": [0, 0, 12, 12], "texture": "#1"},
				"south": {"uv": [0, 0, 1, 12], "texture": "#1"},
				"west": {"uv": [0, 0, 12, 12], "texture": "#1"},
				"up": {"uv": [0, 0, 12, 1], "rotation": 90, "texture": "#1"},
				"down": {"uv": [0, 0, 12, 1], "rotation": 270, "texture": "#1"}
			}
		},
		{
			"from": [1, 11, 2.25],
			"to": [15, 12, 6.25],
			"rotation": {"angle": 0, "axis": "y", "origin": [5, 7, 8.25]},
			"faces": {
				"north": {"uv": [0, 0, 14, 1], "texture": "#1"},
				"east": {"uv": [0, 0, 4, 1], "texture": "#1"},
				"south": {"uv": [0, 0, 14, 1], "texture": "#1"},
				"west": {"uv": [0, 0, 4, 1], "texture": "#1"},
				"up": {"uv": [0, 0, 4, 14], "rotation": 90, "texture": "#1"},
				"down": {"uv": [0, 0, 4, 14], "rotation": 270, "texture": "#1"}
			}
		},
		{
			"from": [1, 11, 10.25],
			"to": [15, 12, 14.25],
			"rotation": {"angle": 0, "axis": "y", "origin": [5, 7, 8.25]},
			"faces": {
				"north": {"uv": [0, 0, 14, 1], "texture": "#1"},
				"east": {"uv": [0, 0, 4, 1], "texture": "#1"},
				"south": {"uv": [0, 0, 14, 1], "texture": "#1"},
				"west": {"uv": [0, 0, 4, 1], "texture": "#1"},
				"up": {"uv": [0, 0, 4, 14], "rotation": 90, "texture": "#1"},
				"down": {"uv": [0, 0, 4, 14], "rotation": 270, "texture": "#1"}
			}
		},
		{
			"from": [15, 0, 2.25],
			"to": [16, 12, 14.25],
			"rotation": {"angle": 0, "axis": "y", "origin": [5, 7, 8.25]},
			"faces": {
				"north": {"uv": [0, 0, 1, 12], "texture": "#1"},
				"east": {"uv": [0, 0, 12, 12], "texture": "#1"},
				"south": {"uv": [0, 0, 1, 12], "texture": "#1"},
				"west": {"uv": [0, 0, 12, 12], "texture": "#1"},
				"up": {"uv": [0, 0, 12, 1], "rotation": 90, "texture": "#1"},
				"down": {"uv": [0, 0, 12, 1], "rotation": 270, "texture": "#1"}
			}
		},
		{
			"from": [7.5, 7, 8.25],
			"to": [8, 11, 8.25],
			"rotation": {"angle": 0, "axis": "z", "origin": [7.75, 7, 1.25]},
			"faces": {
				"north": {"uv": [0, 0, 0.5, 4], "texture": "#2"},
				"east": {"uv": [0, 0, 0, 4], "texture": "#missing"},
				"south": {"uv": [0, 0, 0.5, 4], "texture": "#2"},
				"west": {"uv": [0, 0, 0, 4], "texture": "#missing"},
				"up": {"uv": [0, 0, 0, 0.5], "rotation": 90, "texture": "#missing"},
				"down": {"uv": [0, 0, 0, 0.5], "rotation": 270, "texture": "#missing"}
			}
		},
		{
			"from": [7.5, 3, 8.25],
			"to": [8, 7, 8.25],
			"rotation": {"angle": 22.5, "axis": "z", "origin": [7.75, 7, 1.25]},
			"faces": {
				"north": {"uv": [0, 0, 0.5, 4], "rotation": 180, "texture": "#2"},
				"east": {"uv": [0, 0, 0, 4], "rotation": 180, "texture": "#missing"},
				"south": {"uv": [0, 0, 0.5, 4], "rotation": 180, "texture": "#2"},
				"west": {"uv": [0, 0, 0, 4], "rotation": 180, "texture": "#missing"},
				"up": {"uv": [0, 0, 0, 0.5], "rotation": 90, "texture": "#missing"},
				"down": {"uv": [0, 0, 0, 0.5], "rotation": 270, "texture": "#missing"}
			}
		},
		{
			"from": [7.5, 3, 8.25],
			"to": [8, 7, 8.25],
			"rotation": {"angle": 45, "axis": "z", "origin": [7.75, 7, 1.25]},
			"faces": {
				"north": {"uv": [0, 0, 0.5, 4], "rotation": 180, "texture": "#2"},
				"east": {"uv": [0, 0, 0, 4], "rotation": 180, "texture": "#missing"},
				"south": {"uv": [0, 0, 0.5, 4], "rotation": 180, "texture": "#2"},
				"west": {"uv": [0, 0, 0, 4], "rotation": 180, "texture": "#missing"},
				"up": {"uv": [0, 0, 0, 0.5], "rotation": 90, "texture": "#missing"},
				"down": {"uv": [0, 0, 0, 0.5], "rotation": 270, "texture": "#missing"}
			}
		},
		{
			"from": [7.75, 6.75, 8.25],
			"to": [11.75, 7.25, 8.25],
			"rotation": {"angle": -22.5, "axis": "z", "origin": [7.75, 7, 1.25]},
			"faces": {
				"north": {"uv": [0, 0, 0.5, 4], "rotation": 270, "texture": "#2"},
				"east": {"uv": [0, 0, 0, 0.5], "rotation": 180, "texture": "#missing"},
				"south": {"uv": [0, 0, 0.5, 4], "rotation": 90, "texture": "#2"},
				"west": {"uv": [0, 0, 0, 0.5], "texture": "#missing"},
				"up": {"uv": [0, 0, 0, 4], "rotation": 90, "texture": "#missing"},
				"down": {"uv": [0, 0, 0, 4], "rotation": 90, "texture": "#missing"}
			}
		},
		{
			"from": [7.75, 6.75, 8.25],
			"to": [11.75, 7.25, 8.25],
			"rotation": {"angle": 22.5, "axis": "z", "origin": [7.75, 7, 1.25]},
			"faces": {
				"north": {"uv": [0, 0, 0.5, 4], "rotation": 270, "texture": "#2"},
				"east": {"uv": [0, 0, 0, 0.5], "rotation": 180, "texture": "#missing"},
				"south": {"uv": [0, 0, 0.5, 4], "rotation": 90, "texture": "#2"},
				"west": {"uv": [0, 0, 0, 0.5], "texture": "#missing"},
				"up": {"uv": [0, 0, 0, 4], "rotation": 90, "texture": "#missing"},
				"down": {"uv": [0, 0, 0, 4], "rotation": 90, "texture": "#missing"}
			}
		},
		{
			"from": [7.75, 6.75, 8.25],
			"to": [11.75, 7.25, 8.25],
			"rotation": {"angle": 45, "axis": "z", "origin": [7.75, 7, 1.25]},
			"faces": {
				"north": {"uv": [0, 0, 0.5, 4], "rotation": 270, "texture": "#2"},
				"east": {"uv": [0, 0, 0, 0.5], "rotation": 180, "texture": "#missing"},
				"south": {"uv": [0, 0, 0.5, 4], "rotation": 90, "texture": "#2"},
				"west": {"uv": [0, 0, 0, 0.5], "texture": "#missing"},
				"up": {"uv": [0, 0, 0, 4], "rotation": 90, "texture": "#missing"},
				"down": {"uv": [0, 0, 0, 4], "rotation": 90, "texture": "#missing"}
			}
		},
		{
			"from": [7.5, 7, 8.25],
			"to": [8, 11, 8.25],
			"rotation": {"angle": -22.5, "axis": "z", "origin": [7.75, 7, 1.25]},
			"faces": {
				"north": {"uv": [0, 0, 0.5, 4], "texture": "#2"},
				"east": {"uv": [0, 0, 0, 4], "texture": "#missing"},
				"south": {"uv": [0, 0, 0.5, 4], "texture": "#2"},
				"west": {"uv": [0, 0, 0, 4], "texture": "#missing"},
				"up": {"uv": [0, 0, 0, 0.5], "rotation": 90, "texture": "#missing"},
				"down": {"uv": [0, 0, 0, 0.5], "rotation": 270, "texture": "#missing"}
			}
		},
		{
			"from": [7.5, 7, 8.25],
			"to": [8, 11, 8.25],
			"rotation": {"angle": 22.5, "axis": "z", "origin": [7.75, 7, 1.25]},
			"faces": {
				"north": {"uv": [0, 0, 0.5, 4], "texture": "#2"},
				"east": {"uv": [0, 0, 0, 4], "texture": "#missing"},
				"south": {"uv": [0, 0, 0.5, 4], "texture": "#2"},
				"west": {"uv": [0, 0, 0, 4], "texture": "#missing"},
				"up": {"uv": [0, 0, 0, 0.5], "rotation": 90, "texture": "#missing"},
				"down": {"uv": [0, 0, 0, 0.5], "rotation": 270, "texture": "#missing"}
			}
		},
		{
			"from": [7.5, 7, 8.25],
			"to": [8, 11, 8.25],
			"rotation": {"angle": 45, "axis": "z", "origin": [7.75, 7, 1.25]},
			"faces": {
				"north": {"uv": [0, 0, 0.5, 4], "texture": "#2"},
				"east": {"uv": [0, 0, 0, 4], "texture": "#missing"},
				"south": {"uv": [0, 0, 0.5, 4], "texture": "#2"},
				"west": {"uv": [0, 0, 0, 4], "texture": "#missing"},
				"up": {"uv": [0, 0, 0, 0.5], "rotation": 90, "texture": "#missing"},
				"down": {"uv": [0, 0, 0, 0.5], "rotation": 270, "texture": "#missing"}
			}
		},
		{
			"from": [7.5, 3, 8.25],
			"to": [8, 7, 8.25],
			"rotation": {"angle": -22.5, "axis": "z", "origin": [7.75, 7, 1.25]},
			"faces": {
				"north": {"uv": [0, 0, 0.5, 4], "rotation": 180, "texture": "#2"},
				"east": {"uv": [0, 0, 0, 4], "rotation": 180, "texture": "#missing"},
				"south": {"uv": [0, 0, 0.5, 4], "rotation": 180, "texture": "#2"},
				"west": {"uv": [0, 0, 0, 4], "rotation": 180, "texture": "#missing"},
				"up": {"uv": [0, 0, 0, 0.5], "rotation": 90, "texture": "#missing"},
				"down": {"uv": [0, 0, 0, 0.5], "rotation": 270, "texture": "#missing"}
			}
		},
		{
			"from": [3.75, 6.75, 8.25],
			"to": [7.75, 7.25, 8.25],
			"rotation": {"angle": -22.5, "axis": "z", "origin": [7.75, 7, 1.25]},
			"faces": {
				"north": {"uv": [0, 0, 0.5, 4], "rotation": 90, "texture": "#2"},
				"east": {"uv": [0, 0, 0, 0.5], "rotation": 180, "texture": "#missing"},
				"south": {"uv": [0, 0, 0.5, 4], "rotation": 270, "texture": "#2"},
				"west": {"uv": [0, 0, 0, 0.5], "texture": "#missing"},
				"up": {"uv": [0, 0, 0, 4], "rotation": 270, "texture": "#missing"},
				"down": {"uv": [0, 0, 0, 4], "rotation": 270, "texture": "#missing"}
			}
		},
		{
			"from": [3.75, 6.75, 8.25],
			"to": [7.75, 7.25, 8.25],
			"rotation": {"angle": 22.5, "axis": "z", "origin": [7.75, 7, 1.25]},
			"faces": {
				"north": {"uv": [0, 0, 0.5, 4], "rotation": 90, "texture": "#2"},
				"east": {"uv": [0, 0, 0, 0.5], "rotation": 180, "texture": "#missing"},
				"south": {"uv": [0, 0, 0.5, 4], "rotation": 270, "texture": "#2"},
				"west": {"uv": [0, 0, 0, 0.5], "texture": "#missing"},
				"up": {"uv": [0, 0, 0, 4], "rotation": 270, "texture": "#missing"},
				"down": {"uv": [0, 0, 0, 4], "rotation": 270, "texture": "#missing"}
			}
		},
		{
			"from": [3.75, 6.75, 8.25],
			"to": [7.75, 7.25, 8.25],
			"rotation": {"angle": 45, "axis": "z", "origin": [7.75, 7, 1.25]},
			"faces": {
				"north": {"uv": [0, 0, 0.5, 4], "rotation": 90, "texture": "#2"},
				"east": {"uv": [0, 0, 0, 0.5], "rotation": 180, "texture": "#missing"},
				"south": {"uv": [0, 0, 0.5, 4], "rotation": 270, "texture": "#2"},
				"west": {"uv": [0, 0, 0, 0.5], "texture": "#missing"},
				"up": {"uv": [0, 0, 0, 4], "rotation": 270, "texture": "#missing"},
				"down": {"uv": [0, 0, 0, 4], "rotation": 270, "texture": "#missing"}
			}
		},
		{
			"from": [7.5, 3, 8.25],
			"to": [8, 7, 8.25],
			"rotation": {"angle": 0, "axis": "z", "origin": [7.75, 7, 1.25]},
			"faces": {
				"north": {"uv": [0, 0, 0.5, 4], "rotation": 180, "texture": "#2"},
				"east": {"uv": [0, 0, 0, 4], "rotation": 180, "texture": "#missing"},
				"south": {"uv": [0, 0, 0.5, 4], "rotation": 180, "texture": "#2"},
				"west": {"uv": [0, 0, 0, 4], "rotation": 180, "texture": "#missing"},
				"up": {"uv": [0, 0, 0, 0.5], "rotation": 90, "texture": "#missing"},
				"down": {"uv": [0, 0, 0, 0.5], "rotation": 270, "texture": "#missing"}
			}
		},
		{
			"from": [3.75, 6.75, 8.25],
			"to": [7.75, 7.25, 8.25],
			"rotation": {"angle": 0, "axis": "z", "origin": [7.75, 7, 1.25]},
			"faces": {
				"north": {"uv": [0, 0, 0.5, 4], "rotation": 90, "texture": "#2"},
				"east": {"uv": [0, 0, 0, 0.5], "rotation": 180, "texture": "#missing"},
				"south": {"uv": [0, 0, 0.5, 4], "rotation": 270, "texture": "#2"},
				"west": {"uv": [0, 0, 0, 0.5], "texture": "#missing"},
				"up": {"uv": [0, 0, 0, 4], "rotation": 270, "texture": "#missing"},
				"down": {"uv": [0, 0, 0, 4], "rotation": 270, "texture": "#missing"}
			}
		},
		{
			"from": [7.75, 6.75, 8.25],
			"to": [11.75, 7.25, 8.25],
			"rotation": {"angle": 0, "axis": "z", "origin": [7.75, 7, 1.25]},
			"faces": {
				"north": {"uv": [0, 0, 0.5, 4], "rotation": 270, "texture": "#2"},
				"east": {"uv": [0, 0, 0, 0.5], "rotation": 180, "texture": "#missing"},
				"south": {"uv": [0, 0, 0.5, 4], "rotation": 90, "texture": "#2"},
				"west": {"uv": [0, 0, 0, 0.5], "texture": "#missing"},
				"up": {"uv": [0, 0, 0, 4], "rotation": 90, "texture": "#missing"},
				"down": {"uv": [0, 0, 0, 4], "rotation": 90, "texture": "#missing"}
			}
		},
		{
			"from": [7.5, 3, 8.25],
			"to": [8, 7, 8.25],
			"rotation": {"angle": 0, "axis": "z", "origin": [7.75, 7, 1.25]},
			"faces": {
				"north": {"uv": [0, 0, 0.5, 4], "rotation": 180, "texture": "#2"},
				"east": {"uv": [0, 0, 0, 4], "rotation": 180, "texture": "#missing"},
				"south": {"uv": [0, 0, 0.5, 4], "rotation": 180, "texture": "#2"},
				"west": {"uv": [0, 0, 0, 4], "rotation": 180, "texture": "#missing"},
				"up": {"uv": [0, 0, 0, 0.5], "rotation": 90, "texture": "#missing"},
				"down": {"uv": [0, 0, 0, 0.5], "rotation": 270, "texture": "#missing"}
			}
		},
		{
			"from": [10, 6, 0.25],
			"to": [12, 8, 1.25],
			"rotation": {"angle": -22.5, "axis": "z", "origin": [7.75, 7, 8.25]},
			"faces": {
				"north": {"uv": [0, 0, 2, 2], "texture": "#1"},
				"east": {"uv": [0, 0, 1, 2], "texture": "#1"},
				"south": {"uv": [0, 0, 2, 2], "texture": "#1"},
				"west": {"uv": [0, 0, 1, 2], "texture": "#1"},
				"up": {"uv": [0, 0, 1, 2], "rotation": 90, "texture": "#1"},
				"down": {"uv": [0, 0, 1, 2], "rotation": 270, "texture": "#1"}
			}
		},
		{
			"from": [7.25, 6.5, 1.25],
			"to": [8.25, 7.5, 14.5],
			"rotation": {"angle": -22.5, "axis": "z", "origin": [7.75, 7, 8.25]},
			"faces": {
				"north": {"uv": [0, 0, 1, 1], "texture": "#1"},
				"east": {"uv": [0, 0, 13.25, 1], "texture": "#1"},
				"south": {"uv": [0, 0, 1, 1], "texture": "#1"},
				"west": {"uv": [0, 0, 13.25, 1], "texture": "#1"},
				"up": {"uv": [0, 0, 13.25, 1], "rotation": 90, "texture": "#1"},
				"down": {"uv": [0, 0, 13.25, 1], "rotation": 270, "texture": "#1"}
			}
		},
		{
			"from": [8.25, 6.5, 1.25],
			"to": [11.25, 7.5, 1.75],
			"rotation": {"angle": -22.5, "axis": "z", "origin": [7.75, 7, 8.25]},
			"faces": {
				"north": {"uv": [0, 0, 3, 1], "texture": "#1"},
				"east": {"uv": [0, 0, 0.5, 1], "texture": "#1"},
				"south": {"uv": [0, 0, 3, 1], "texture": "#1"},
				"west": {"uv": [0, 0, 0.5, 1], "texture": "#1"},
				"up": {"uv": [0, 0, 0.5, 3], "rotation": 90, "texture": "#1"},
				"down": {"uv": [0, 0, 0.5, 3], "rotation": 270, "texture": "#1"}
			}
		}
	],
	"display": {
		"thirdperson_righthand": {
			"scale": [0.5, 0.5, 0.5]
		}
	},
	"groups": [
		{
			"name": "glass",
			"origin": [0, 0, 0],
			"color": 0,
			"children": [0, 1]
		},
		{
			"name": "dodai",
			"origin": [0, 0, 0],
			"color": 0,
			"children": [2, 3, 4, 5, 6]
		},
		{
			"name": "group",
			"origin": [5, 7, 8.25],
			"color": 0,
			"children": [7, 8, 9, 10, 11, 12, 13, 14, 15, 16, 17, 18, 19, 20, 21, 22, 23]
		},
		{
			"name": "group",
			"origin": [0, 0, 0],
			"color": 0,
			"children": [24, 25, 26]
		}
	]
}