{
	"credit": "Made with Blockbench",
	"textures": {
		"0": "block/light_gray_concrete",
		"1": "block/white_concrete",
		"2": "block/red_concrete",
		"3": "block/blue_concrete",
		"4": "block/yellow_concrete",
		"5": "block/gray_concrete",
		"particle": "block/light_gray_concrete"
	},
	"elements": [
		{
			"from": [-2.3, 15, 2.8],
			"to": [1.3, 16, 6.2],
			"faces": {
				"north": {"uv": [0, 0, 3.6, 1], "texture": "#0"},
				"east": {"uv": [0, 0, 3.4, 1], "texture": "#0"},
				"south": {"uv": [0, 0, 3.6, 1], "texture": "#0"},
				"west": {"uv": [0, 0, 3.4, 1], "texture": "#0"},
				"up": {"uv": [0, 0, 3.6, 3.4], "texture": "#0"},
				"down": {"uv": [0, 0, 3.6, 3.4], "texture": "#0"}
			}
		},
		{
			"from": [-2, 11, 3],
			"to": [1, 15, 6],
			"faces": {
				"north": {"uv": [0, 0, 3, 4], "texture": "#3"},
				"east": {"uv": [0, 0, 3, 4], "texture": "#3"},
				"south": {"uv": [0, 0, 3, 4], "texture": "#0"},
				"west": {"uv": [0, 0, 3, 4], "texture": "#3"},
				"up": {"uv": [0, 0, 3, 3], "texture": "#0"},
				"down": {"uv": [0, 0, 3, 3], "texture": "#3"}
			}
		},
		{
			"from": [2.7, 15, 2.8],
			"to": [6.3, 16, 6.2],
			"faces": {
				"north": {"uv": [0, 0, 3.6, 1], "texture": "#0"},
				"east": {"uv": [0, 0, 3.4, 1], "texture": "#0"},
				"south": {"uv": [0, 0, 3.6, 1], "texture": "#0"},
				"west": {"uv": [0, 0, 3.4, 1], "texture": "#0"},
				"up": {"uv": [0, 0, 3.6, 3.4], "texture": "#0"},
				"down": {"uv": [0, 0, 3.6, 3.4], "texture": "#0"}
			}
		},
		{
			"from": [3, 11, 3],
			"to": [6, 15, 6],
			"faces": {
				"north": {"uv": [0, 0, 3, 4], "texture": "#2"},
				"east": {"uv": [0, 0, 3, 4], "texture": "#2"},
				"south": {"uv": [0, 0, 3, 4], "texture": "#0"},
				"west": {"uv": [0, 0, 3, 4], "texture": "#2"},
				"up": {"uv": [0, 0, 3, 3], "texture": "#0"},
				"down": {"uv": [0, 0, 3, 3], "texture": "#2"}
			}
		},
		{
			"from": [7.7, 15, 2.8],
			"to": [11.3, 16, 6.2],
			"faces": {
				"north": {"uv": [0, 0, 3.6, 1], "texture": "#0"},
				"east": {"uv": [0, 0, 3.4, 1], "texture": "#0"},
				"south": {"uv": [0, 0, 3.6, 1], "texture": "#0"},
				"west": {"uv": [0, 0, 3.4, 1], "texture": "#0"},
				"up": {"uv": [0, 0, 3.6, 3.4], "texture": "#0"},
				"down": {"uv": [0, 0, 3.6, 3.4], "texture": "#0"}
			}
		},
		{
			"from": [8, 11, 3],
			"to": [11, 15, 6],
			"faces": {
				"north": {"uv": [0, 0, 3, 4], "texture": "#4"},
				"east": {"uv": [0, 0, 3, 4], "texture": "#4"},
				"south": {"uv": [0, 0, 3, 4], "texture": "#0"},
				"west": {"uv": [0, 0, 3, 4], "texture": "#4"},
				"up": {"uv": [0, 0, 3, 3], "texture": "#0"},
				"down": {"uv": [0, 0, 3, 3], "texture": "#4"}
			}
		},
		{
			"from": [12.7, 15, 2.8],
			"to": [16.3, 16, 6.2],
			"faces": {
				"north": {"uv": [0, 0, 3.6, 1], "texture": "#0"},
				"east": {"uv": [0, 0, 3.4, 1], "texture": "#0"},
				"south": {"uv": [0, 0, 3.6, 1], "texture": "#0"},
				"west": {"uv": [0, 0, 3.4, 1], "texture": "#0"},
				"up": {"uv": [0, 0, 3.6, 3.4], "texture": "#0"},
				"down": {"uv": [0, 0, 3.6, 3.4], "texture": "#0"}
			}
		},
		{
			"from": [13, 11, 3],
			"to": [16, 15, 6],
			"faces": {
				"north": {"uv": [0, 0, 3, 4], "texture": "#2"},
				"east": {"uv": [0, 0, 3, 4], "texture": "#2"},
				"south": {"uv": [0, 0, 3, 4], "texture": "#0"},
				"west": {"uv": [0, 0, 3, 4], "texture": "#2"},
				"up": {"uv": [0, 0, 3, 3], "texture": "#0"},
				"down": {"uv": [0, 0, 3, 3], "texture": "#2"}
			}
		},
		{
			"from": [-2.3, 21, 2.8],
			"to": [1.3, 22, 6.2],
			"faces": {
				"north": {"uv": [0, 0, 3.6, 1], "texture": "#0"},
				"east": {"uv": [0, 0, 3.4, 1], "texture": "#0"},
				"south": {"uv": [0, 0, 3.6, 1], "texture": "#0"},
				"west": {"uv": [0, 0, 3.4, 1], "texture": "#0"},
				"up": {"uv": [0, 0, 3.6, 3.4], "texture": "#0"},
				"down": {"uv": [0, 0, 3.6, 3.4], "texture": "#0"}
			}
		},
		{
			"from": [-2, 17, 3],
			"to": [1, 21, 6],
			"faces": {
				"north": {"uv": [0, 0, 3, 4], "texture": "#3"},
				"east": {"uv": [0, 0, 3, 4], "texture": "#3"},
				"south": {"uv": [0, 0, 3, 4], "texture": "#0"},
				"west": {"uv": [0, 0, 3, 4], "texture": "#3"},
				"up": {"uv": [0, 0, 3, 3], "texture": "#0"},
				"down": {"uv": [0, 0, 3, 3], "texture": "#3"}
			}
		},
		{
			"from": [2.7, 21, 2.8],
			"to": [6.3, 22, 6.2],
			"faces": {
				"north": {"uv": [0, 0, 3.6, 1], "texture": "#0"},
				"east": {"uv": [0, 0, 3.4, 1], "texture": "#0"},
				"south": {"uv": [0, 0, 3.6, 1], "texture": "#0"},
				"west": {"uv": [0, 0, 3.4, 1], "texture": "#0"},
				"up": {"uv": [0, 0, 3.6, 3.4], "texture": "#0"},
				"down": {"uv": [0, 0, 3.6, 3.4], "texture": "#0"}
			}
		},
		{
			"from": [3, 17, 3],
			"to": [6, 21, 6],
			"faces": {
				"north": {"uv": [0, 0, 3, 4], "texture": "#4"},
				"east": {"uv": [0, 0, 3, 4], "texture": "#4"},
				"south": {"uv": [0, 0, 3, 4], "texture": "#0"},
				"west": {"uv": [0, 0, 3, 4], "texture": "#4"},
				"up": {"uv": [0, 0, 3, 3], "texture": "#0"},
				"down": {"uv": [0, 0, 3, 3], "texture": "#4"}
			}
		},
		{
			"from": [7.7, 21, 2.8],
			"to": [11.3, 22, 6.2],
			"faces": {
				"north": {"uv": [0, 0, 3.6, 1], "texture": "#0"},
				"east": {"uv": [0, 0, 3.4, 1], "texture": "#0"},
				"south": {"uv": [0, 0, 3.6, 1], "texture": "#0"},
				"west": {"uv": [0, 0, 3.4, 1], "texture": "#0"},
				"up": {"uv": [0, 0, 3.6, 3.4], "texture": "#0"},
				"down": {"uv": [0, 0, 3.6, 3.4], "texture": "#0"}
			}
		},
		{
			"from": [8, 17, 3],
			"to": [11, 21, 6],
			"faces": {
				"north": {"uv": [0, 0, 3, 4], "texture": "#2"},
				"east": {"uv": [0, 0, 3, 4], "texture": "#2"},
				"south": {"uv": [0, 0, 3, 4], "texture": "#0"},
				"west": {"uv": [0, 0, 3, 4], "texture": "#2"},
				"up": {"uv": [0, 0, 3, 3], "texture": "#0"},
				"down": {"uv": [0, 0, 3, 3], "texture": "#2"}
			}
		},
		{
			"from": [12.7, 21, 2.8],
			"to": [16.3, 22, 6.2],
			"faces": {
				"north": {"uv": [0, 0, 3.6, 1], "texture": "#0"},
				"east": {"uv": [0, 0, 3.4, 1], "texture": "#0"},
				"south": {"uv": [0, 0, 3.6, 1], "texture": "#0"},
				"west": {"uv": [0, 0, 3.4, 1], "texture": "#0"},
				"up": {"uv": [0, 0, 3.6, 3.4], "texture": "#0"},
				"down": {"uv": [0, 0, 3.6, 3.4], "texture": "#0"}
			}
		},
		{
			"from": [13, 17, 3],
			"to": [16, 21, 6],
			"faces": {
				"north": {"uv": [0, 0, 3, 4], "texture": "#3"},
				"east": {"uv": [0, 0, 3, 4], "texture": "#3"},
				"south": {"uv": [0, 0, 3, 4], "texture": "#0"},
				"west": {"uv": [0, 0, 3, 4], "texture": "#3"},
				"up": {"uv": [0, 0, 3, 3], "texture": "#0"},
				"down": {"uv": [0, 0, 3, 3], "texture": "#3"}
			}
		},
		{
			"from": [-2.3, 27, 2.8],
			"to": [1.3, 28, 6.2],
			"faces": {
				"north": {"uv": [0, 0, 3.6, 1], "texture": "#0"},
				"east": {"uv": [0, 0, 3.4, 1], "texture": "#0"},
				"south": {"uv": [0, 0, 3.6, 1], "texture": "#0"},
				"west": {"uv": [0, 0, 3.4, 1], "texture": "#0"},
				"up": {"uv": [0, 0, 3.6, 3.4], "texture": "#0"},
				"down": {"uv": [0, 0, 3.6, 3.4], "texture": "#0"}
			}
		},
		{
			"from": [-2, 23, 3],
			"to": [1, 27, 6],
			"faces": {
				"north": {"uv": [0, 0, 3, 4], "texture": "#2"},
				"east": {"uv": [0, 0, 3, 4], "texture": "#2"},
				"south": {"uv": [0, 0, 3, 4], "texture": "#0"},
				"west": {"uv": [0, 0, 3, 4], "texture": "#2"},
				"up": {"uv": [0, 0, 3, 3], "texture": "#0"},
				"down": {"uv": [0, 0, 3, 3], "texture": "#2"}
			}
		},
		{
			"from": [2.7, 27, 2.8],
			"to": [6.3, 28, 6.2],
			"faces": {
				"north": {"uv": [0, 0, 3.6, 1], "texture": "#0"},
				"east": {"uv": [0, 0, 3.4, 1], "texture": "#0"},
				"south": {"uv": [0, 0, 3.6, 1], "texture": "#0"},
				"west": {"uv": [0, 0, 3.4, 1], "texture": "#0"},
				"up": {"uv": [0, 0, 3.6, 3.4], "texture": "#0"},
				"down": {"uv": [0, 0, 3.6, 3.4], "texture": "#0"}
			}
		},
		{
			"from": [3, 23, 3],
			"to": [6, 27, 6],
			"faces": {
				"north": {"uv": [0, 0, 3, 4], "texture": "#4"},
				"east": {"uv": [0, 0, 3, 4], "texture": "#4"},
				"south": {"uv": [0, 0, 3, 4], "texture": "#0"},
				"west": {"uv": [0, 0, 3, 4], "texture": "#4"},
				"up": {"uv": [0, 0, 3, 3], "texture": "#0"},
				"down": {"uv": [0, 0, 3, 3], "texture": "#4"}
			}
		},
		{
			"from": [7.7, 27, 2.8],
			"to": [11.3, 28, 6.2],
			"faces": {
				"north": {"uv": [0, 0, 3.6, 1], "texture": "#0"},
				"east": {"uv": [0, 0, 3.4, 1], "texture": "#0"},
				"south": {"uv": [0, 0, 3.6, 1], "texture": "#0"},
				"west": {"uv": [0, 0, 3.4, 1], "texture": "#0"},
				"up": {"uv": [0, 0, 3.6, 3.4], "texture": "#0"},
				"down": {"uv": [0, 0, 3.6, 3.4], "texture": "#0"}
			}
		},
		{
			"from": [8, 23, 3],
			"to": [11, 27, 6],
			"faces": {
				"north": {"uv": [0, 0, 3, 4], "texture": "#3"},
				"east": {"uv": [0, 0, 3, 4], "texture": "#3"},
				"south": {"uv": [0, 0, 3, 4], "texture": "#0"},
				"west": {"uv": [0, 0, 3, 4], "texture": "#3"},
				"up": {"uv": [0, 0, 3, 3], "texture": "#0"},
				"down": {"uv": [0, 0, 3, 3], "texture": "#3"}
			}
		},
		{
			"from": [12.7, 27, 2.8],
			"to": [16.3, 28, 6.2],
			"faces": {
				"north": {"uv": [0, 0, 3.6, 1], "texture": "#0"},
				"east": {"uv": [0, 0, 3.4, 1], "texture": "#0"},
				"south": {"uv": [0, 0, 3.6, 1], "texture": "#0"},
				"west": {"uv": [0, 0, 3.4, 1], "texture": "#0"},
				"up": {"uv": [0, 0, 3.6, 3.4], "texture": "#0"},
				"down": {"uv": [0, 0, 3.6, 3.4], "texture": "#0"}
			}
		},
		{
			"from": [13, 23, 3],
			"to": [16, 27, 6],
			"faces": {
				"north": {"uv": [0, 0, 3, 4], "texture": "#2"},
				"east": {"uv": [0, 0, 3, 4], "texture": "#2"},
				"south": {"uv": [0, 0, 3, 4], "texture": "#0"},
				"west": {"uv": [0, 0, 3, 4], "texture": "#2"},
				"up": {"uv": [0, 0, 3, 3], "texture": "#0"},
				"down": {"uv": [0, 0, 3, 3], "texture": "#2"}
			}
		},
		{
			"from": [-1, 7, 0],
			"to": [20, 9, 2],
			"faces": {
				"north": {"uv": [0, 0, 16, 2], "texture": "#0"},
				"east": {"uv": [0, 0, 2, 2], "texture": "#0"},
				"south": {"uv": [0, 0, 16, 2], "texture": "#0"},
				"west": {"uv": [0, 0, 2, 2], "texture": "#0"},
				"up": {"uv": [0, 0, 16, 2], "texture": "#0"},
				"down": {"uv": [0, 0, 16, 2], "texture": "#0"}
			}
		},
		{
			"from": [-5, 0, 0],
			"to": [3, 9, 2],
			"faces": {
				"north": {"uv": [0, 0, 8, 9], "texture": "#0"},
				"east": {"uv": [0, 0, 2, 9], "texture": "#0"},
				"south": {"uv": [0, 0, 8, 9], "texture": "#0"},
				"west": {"uv": [0, 0, 2, 9], "texture": "#0"},
				"up": {"uv": [0, 0, 8, 2], "texture": "#0"},
				"down": {"uv": [0, 0, 8, 2], "texture": "#0"}
			}
		},
		{
			"from": [-5, 0, 2],
			"to": [20, 9, 15],
			"faces": {
				"north": {"uv": [0, 0, 16, 9], "texture": "#5"},
				"east": {"uv": [0, 0, 13, 9], "texture": "#0"},
				"south": {"uv": [0, 0, 16, 9], "texture": "#0"},
				"west": {"uv": [0, 0, 13, 9], "texture": "#0"},
				"up": {"uv": [0, 0, 16, 13], "texture": "#0"},
				"down": {"uv": [0, 0, 16, 13], "texture": "#0"}
			}
		},
		{
			"from": [0, 0, 0],
			"to": [13, 2, 2],
			"faces": {
				"north": {"uv": [0, 0, 13, 2], "texture": "#0"},
				"east": {"uv": [0, 0, 2, 2], "texture": "#0"},
				"south": {"uv": [0, 0, 13, 2], "texture": "#0"},
				"west": {"uv": [0, 0, 2, 2], "texture": "#0"},
				"up": {"uv": [0, 0, 13, 2], "texture": "#0"},
				"down": {"uv": [0, 0, 13, 2], "texture": "#0"}
			}
		},
		{
			"from": [11, 0, 0],
			"to": [20, 7, 2],
			"faces": {
				"north": {"uv": [0, 0, 9, 7], "texture": "#0"},
				"east": {"uv": [0, 0, 2, 7], "texture": "#0"},
				"south": {"uv": [0, 0, 9, 7], "texture": "#0"},
				"west": {"uv": [0, 0, 2, 7], "texture": "#0"},
				"up": {"uv": [0, 0, 9, 2], "texture": "#0"},
				"down": {"uv": [0, 0, 9, 2], "texture": "#0"}
			}
		},
		{
			"from": [-5, 9, 0],
			"to": [-3, 32, 15],
			"faces": {
				"north": {"uv": [0, 0, 2, 16], "texture": "#0"},
				"east": {"uv": [0, 0, 15, 16], "texture": "#0"},
				"south": {"uv": [0, 0, 2, 16], "texture": "#0"},
				"west": {"uv": [0, 0, 15, 16], "texture": "#0"},
				"up": {"uv": [0, 0, 2, 15], "texture": "#0"},
				"down": {"uv": [0, 0, 2, 15], "texture": "#0"}
			}
		},
		{
			"from": [18, 9, 0],
			"to": [20, 32, 15],
			"faces": {
				"north": {"uv": [0, 0, 2, 16], "texture": "#0"},
				"east": {"uv": [0, 0, 15, 16], "texture": "#0"},
				"south": {"uv": [0, 0, 2, 16], "texture": "#0"},
				"west": {"uv": [0, 0, 15, 16], "texture": "#0"},
				"up": {"uv": [0, 0, 2, 15], "texture": "#0"},
				"down": {"uv": [0, 0, 2, 15], "texture": "#0"}
			}
		},
		{
			"from": [-5, 30, 0],
			"to": [20, 32, 15],
			"faces": {
				"north": {"uv": [0, 0, 16, 2], "texture": "#0"},
				"east": {"uv": [0, 0, 15, 2], "texture": "#0"},
				"south": {"uv": [0, 0, 16, 2], "texture": "#0"},
				"west": {"uv": [0, 0, 15, 2], "texture": "#0"},
				"up": {"uv": [0, 0, 16, 15], "texture": "#0"},
				"down": {"uv": [0, 0, 16, 15], "texture": "#0"}
			}
		},
		{
			"from": [-3, 9, 5],
			"to": [18, 30, 15],
			"faces": {
				"north": {"uv": [0, 0, 16, 16], "texture": "#1"},
				"east": {"uv": [0, 0, 3, 16], "texture": "#0"},
				"south": {"uv": [0, 0, 16, 16], "texture": "#0"},
				"west": {"uv": [0, 0, 3, 16], "texture": "#0"},
				"up": {"uv": [0, 0, 16, 3], "texture": "#0"},
				"down": {"uv": [0, 0, 16, 3], "texture": "#0"}
			}
		}
	],
	"display": {
		"thirdperson_righthand": {
			"scale": [0.2, 0.2, 0.2]
		},
		"thirdperson_lefthand": {
			"scale": [0.2, 0.2, 0.2]
		},
		"firstperson_righthand": {
			"scale": [0.2, 0.2, 0.2]
		},
		"firstperson_lefthand": {
			"scale": [0.2, 0.2, 0.2]
		},
		"ground": {
			"scale": [0.2, 0.2, 0.2]
		},
		"gui": {
			"rotation": [0, 180, 0],
			"translation": [0, -3.75, 0],
			"scale": [0.5, 0.5, 0.5]
		}
	},
	"groups": [
		{
			"name": "group",
			"origin": [0, 0, 0],
			"color": 0,
			"children": [
				{
					"name": "group",
					"origin": [8, 8, 8],
					"color": 0,
					"children": [0, 1]
				},
				{
					"name": "group",
					"origin": [8, 8, 8],
					"color": 0,
					"children": [2, 3]
				},
				{
					"name": "group",
					"origin": [8, 8, 8],
					"color": 0,
					"children": [4, 5]
				},
				{
					"name": "group",
					"origin": [8, 8, 8],
					"color": 0,
					"children": [6, 7]
				},
				{
					"name": "group",
					"origin": [8, 8, 8],
					"color": 0,
					"children": [8, 9]
				},
				{
					"name": "group",
					"origin": [8, 8, 8],
					"color": 0,
					"children": [10, 11]
				},
				{
					"name": "group",
					"origin": [8, 8, 8],
					"color": 0,
					"children": [12, 13]
				},
				{
					"name": "group",
					"origin": [8, 8, 8],
					"color": 0,
					"children": [14, 15]
				},
				{
					"name": "group",
					"origin": [8, 8, 8],
					"color": 0,
					"children": [16, 17]
				},
				{
					"name": "group",
					"origin": [8, 8, 8],
					"color": 0,
					"children": [18, 19]
				},
				{
					"name": "group",
					"origin": [8, 8, 8],
					"color": 0,
					"children": [20, 21]
				},
				{
					"name": "group",
					"origin": [8, 8, 8],
					"color": 0,
					"children": [22, 23]
				},
				24,
				25,
				26,
				27,
				28,
				29,
				30,
				31,
				32
			]
		}
	]
}