{
	"credit": "Made with Blockbench",
	"textures": {
		"2": "block/cyan_terracotta",
		"3": "block/white_concrete",
		"4": "block/oak_planks",
		"particle": "block/oak_planks"
	},
	"elements": [
		{
			"from": [0, 11, 0],
			"to": [16, 16, 4],
			"faces": {
				"north": {"uv": [0, 0, 16, 5], "texture": "#3"},
				"east": {"uv": [0, 0, 4, 5], "texture": "#3"},
				"south": {"uv": [0, 0, 16, 5], "texture": "#3"},
				"west": {"uv": [0, 0, 4, 5], "texture": "#3"},
				"up": {"uv": [0, 0, 4, 16], "rotation": 270, "texture": "#3"},
				"down": {"uv": [0, 0, 4, 16], "rotation": 90, "texture": "#3"}
			}
		},
		{
			"from": [12, 11, 0],
			"to": [16, 16, 16],
			"faces": {
				"north": {"uv": [0, 0, 4, 5], "texture": "#3"},
				"east": {"uv": [0, 0, 16, 5], "texture": "#3"},
				"south": {"uv": [0, 0, 4, 5], "texture": "#3"},
				"west": {"uv": [0, 0, 16, 5], "texture": "#3"},
				"up": {"uv": [0, 0, 4, 16], "texture": "#3"},
				"down": {"uv": [0, 0, 4, 16], "texture": "#3"}
			}
		},
		{
			"from": [0, 11, 12],
			"to": [16, 16, 16],
			"faces": {
				"north": {"uv": [0, 0, 16, 5], "texture": "#3"},
				"east": {"uv": [0, 0, 4, 5], "texture": "#3"},
				"south": {"uv": [0, 0, 16, 5], "texture": "#3"},
				"west": {"uv": [0, 0, 4, 5], "texture": "#3"},
				"up": {"uv": [0, 0, 4, 16], "rotation": 270, "texture": "#3"},
				"down": {"uv": [0, 0, 4, 16], "rotation": 90, "texture": "#3"}
			}
		},
		{
			"from": [0, 11, 0],
			"to": [4, 16, 16],
			"faces": {
				"north": {"uv": [0, 0, 4, 5], "texture": "#3"},
				"east": {"uv": [0, 0, 16, 5], "texture": "#3"},
				"south": {"uv": [0, 0, 4, 5], "texture": "#3"},
				"west": {"uv": [0, 0, 16, 5], "texture": "#3"},
				"up": {"uv": [0, 0, 4, 16], "texture": "#3"},
				"down": {"uv": [0, 0, 4, 16], "texture": "#3"}
			}
		},
		{
			"from": [0, 0, 1],
			"to": [16, 11, 16],
			"faces": {
				"north": {"uv": [0, 0, 16, 16], "texture": "#4"},
				"east": {"uv": [0, 0, 16, 16], "texture": "#4"},
				"south": {"uv": [0, 0, 16, 16], "texture": "#4"},
				"west": {"uv": [0, 0, 16, 16], "texture": "#4"},
				"up": {"uv": [0, 0, 14, 14], "texture": "#4"},
				"down": {"uv": [0, 0, 16, 16], "texture": "#4"}
			}
		},
		{
			"from": [7, 16, 13],
			"to": [9, 22, 15],
			"faces": {
				"north": {"uv": [0, 0, 2, 6], "texture": "#3"},
				"east": {"uv": [0, 0, 2, 6], "texture": "#3"},
				"south": {"uv": [0, 0, 2, 6], "texture": "#3"},
				"west": {"uv": [0, 0, 2, 6], "texture": "#3"},
				"up": {"uv": [0, 0, 2, 2], "texture": "#3"},
				"down": {"uv": [0, 0, 2, 2], "texture": "#3"}
			}
		},
		{
			"from": [7, 20, 7],
			"to": [9, 22, 13],
			"faces": {
				"north": {"uv": [0, 0, 2, 2], "texture": "#3"},
				"east": {"uv": [0, 0, 6, 2], "texture": "#3"},
				"south": {"uv": [0, 0, 2, 2], "texture": "#3"},
				"west": {"uv": [0, 0, 6, 2], "texture": "#3"},
				"up": {"uv": [0, 0, 2, 6], "texture": "#3"},
				"down": {"uv": [0, 0, 2, 6], "texture": "#3"}
			}
		},
		{
			"from": [7.25, 19.75, 7.25],
			"to": [8.75, 21.75, 9.25],
			"faces": {
				"north": {"uv": [0, 0, 1.5, 2], "texture": "#2"},
				"east": {"uv": [0, 0, 2, 2], "texture": "#2"},
				"south": {"uv": [0, 0, 1.5, 2], "texture": "#2"},
				"west": {"uv": [0, 0, 2, 2], "texture": "#2"},
				"up": {"uv": [0, 0, 1.5, 2], "texture": "#2"},
				"down": {"uv": [0, 0, 1.5, 2], "texture": "#2"}
			}
		},
		{
			"from": [4, 10, 4],
			"to": [12, 13, 12],
			"faces": {
				"north": {"uv": [0, 0, 8, 3], "texture": "#2"},
				"east": {"uv": [0, 0, 8, 3], "texture": "#2"},
				"south": {"uv": [0, 0, 8, 3], "texture": "#2"},
				"west": {"uv": [0, 0, 8, 3], "texture": "#2"},
				"up": {"uv": [0, 0, 8, 8], "texture": "#2"},
				"down": {"uv": [0, 0, 8, 8], "texture": "#2"}
			}
		}
	],
	"display": {
		"thirdperson_righthand": {
			"scale": [0.5, 0.5, 0.5]
		},
		"thirdperson_lefthand": {
			"scale": [0.5, 0.5, 0.5]
		},
		"firstperson_righthand": {
			"scale": [0.5, 0.5, 0.5]
		},
		"firstperson_lefthand": {
			"scale": [0.5, 0.5, 0.5]
		},
		"ground": {
			"scale": [0.5, 0.5, 0.5]
		},
		"gui": {
			"rotation": [28, -147, 0],
			"translation": [0, -0.75, 0],
			"scale": [0.6, 0.6, 0.6]
		}
	},
	"groups": [
		{
			"name": "group",
			"origin": [0, 0, 0],
			"color": 0,
			"children": [0, 1, 2, 3]
		},
		4,
		5,
		6,
		7,
		8,
		{
			"name": "group",
			"origin": [0, 0, 0],
			"color": 0,
			"children": []
		}
	]
}