{
	"credit": "Made with Blockbench",
	"textures": {
		"0": "block/polished_blackstone",
		"1": "block/black_concrete",
		"particle": "block/polished_blackstone"
	},
	"elements": [
		{
			"from": [1, 4.5, 9.7],
			"to": [15, 13.5, 10.2],
			"rotation": {"angle": 22.5, "axis": "x", "origin": [0, 0, 0]},
			"faces": {
				"north": {"uv": [0, 0, 14, 9], "texture": "#0"},
				"east": {"uv": [0, 0, 0.5, 9], "texture": "#0"},
				"south": {"uv": [0, 0, 14, 9], "texture": "#0"},
				"west": {"uv": [0, 0, 0.5, 9], "texture": "#0"},
				"up": {"uv": [0, 0, 14, 0.5], "texture": "#0"},
				"down": {"uv": [0, 0, 14, 0.5], "texture": "#0"}
			}
		},
		{
			"from": [1, 0, 1],
			"to": [15, 0.4, 11],
			"faces": {
				"north": {"uv": [0, 0, 14, 0.4], "texture": "#0"},
				"east": {"uv": [0, 0, 10, 0.4], "texture": "#0"},
				"south": {"uv": [0, 0, 14, 0.4], "texture": "#0"},
				"west": {"uv": [0, 0, 10, 0.4], "texture": "#0"},
				"up": {"uv": [0, 0, 14, 10], "texture": "#0"},
				"down": {"uv": [0, 0, 14, 10], "texture": "#0"}
			}
		},
		{
			"from": [13.1, 0.2, 9],
			"to": [14.1, 0.6, 10],
			"faces": {
				"north": {"uv": [0, 0, 1, 0.4], "texture": "#1"},
				"east": {"uv": [0, 0, 1, 0.4], "texture": "#1"},
				"south": {"uv": [0, 0, 1, 0.4], "texture": "#1"},
				"west": {"uv": [0, 0, 1, 0.4], "texture": "#1"},
				"up": {"uv": [0, 0, 1, 1], "texture": "#1"},
				"down": {"uv": [0, 0, 1, 1], "texture": "#1"}
			}
		},
		{
			"from": [11.8, 0.2, 9],
			"to": [12.8, 0.6, 10],
			"faces": {
				"north": {"uv": [0, 0, 1, 0.4], "texture": "#1"},
				"east": {"uv": [0, 0, 1, 0.4], "texture": "#1"},
				"south": {"uv": [0, 0, 1, 0.4], "texture": "#1"},
				"west": {"uv": [0, 0, 1, 0.4], "texture": "#1"},
				"up": {"uv": [0, 0, 1, 1], "texture": "#1"},
				"down": {"uv": [0, 0, 1, 1], "texture": "#1"}
			}
		},
		{
			"from": [10.6, 0.2, 9],
			"to": [11.6, 0.6, 10],
			"faces": {
				"north": {"uv": [0, 0, 1, 0.4], "texture": "#1"},
				"east": {"uv": [0, 0, 1, 0.4], "texture": "#1"},
				"south": {"uv": [0, 0, 1, 0.4], "texture": "#1"},
				"west": {"uv": [0, 0, 1, 0.4], "texture": "#1"},
				"up": {"uv": [0, 0, 1, 1], "texture": "#1"},
				"down": {"uv": [0, 0, 1, 1], "texture": "#1"}
			}
		},
		{
			"from": [9.4, 0.2, 9],
			"to": [10.4, 0.6, 10],
			"faces": {
				"north": {"uv": [0, 0, 1, 0.4], "texture": "#1"},
				"east": {"uv": [0, 0, 1, 0.4], "texture": "#1"},
				"south": {"uv": [0, 0, 1, 0.4], "texture": "#1"},
				"west": {"uv": [0, 0, 1, 0.4], "texture": "#1"},
				"up": {"uv": [0, 0, 1, 1], "texture": "#1"},
				"down": {"uv": [0, 0, 1, 1], "texture": "#1"}
			}
		},
		{
			"from": [8.2, 0.2, 9],
			"to": [9.2, 0.6, 10],
			"faces": {
				"north": {"uv": [0, 0, 1, 0.4], "texture": "#1"},
				"east": {"uv": [0, 0, 1, 0.4], "texture": "#1"},
				"south": {"uv": [0, 0, 1, 0.4], "texture": "#1"},
				"west": {"uv": [0, 0, 1, 0.4], "texture": "#1"},
				"up": {"uv": [0, 0, 1, 1], "texture": "#1"},
				"down": {"uv": [0, 0, 1, 1], "texture": "#1"}
			}
		},
		{
			"from": [7, 0.2, 9],
			"to": [8, 0.6, 10],
			"faces": {
				"north": {"uv": [0, 0, 1, 0.4], "texture": "#1"},
				"east": {"uv": [0, 0, 1, 0.4], "texture": "#1"},
				"south": {"uv": [0, 0, 1, 0.4], "texture": "#1"},
				"west": {"uv": [0, 0, 1, 0.4], "texture": "#1"},
				"up": {"uv": [0, 0, 1, 1], "texture": "#1"},
				"down": {"uv": [0, 0, 1, 1], "texture": "#1"}
			}
		},
		{
			"from": [5.8, 0.2, 9],
			"to": [6.8, 0.6, 10],
			"faces": {
				"north": {"uv": [0, 0, 1, 0.4], "texture": "#1"},
				"east": {"uv": [0, 0, 1, 0.4], "texture": "#1"},
				"south": {"uv": [0, 0, 1, 0.4], "texture": "#1"},
				"west": {"uv": [0, 0, 1, 0.4], "texture": "#1"},
				"up": {"uv": [0, 0, 1, 1], "texture": "#1"},
				"down": {"uv": [0, 0, 1, 1], "texture": "#1"}
			}
		},
		{
			"from": [4.6, 0.2, 9],
			"to": [5.6, 0.6, 10],
			"faces": {
				"north": {"uv": [0, 0, 1, 0.4], "texture": "#1"},
				"east": {"uv": [0, 0, 1, 0.4], "texture": "#1"},
				"south": {"uv": [0, 0, 1, 0.4], "texture": "#1"},
				"west": {"uv": [0, 0, 1, 0.4], "texture": "#1"},
				"up": {"uv": [0, 0, 1, 1], "texture": "#1"},
				"down": {"uv": [0, 0, 1, 1], "texture": "#1"}
			}
		},
		{
			"from": [3.4, 0.2, 9],
			"to": [4.4, 0.6, 10],
			"faces": {
				"north": {"uv": [0, 0, 1, 0.4], "texture": "#1"},
				"east": {"uv": [0, 0, 1, 0.4], "texture": "#1"},
				"south": {"uv": [0, 0, 1, 0.4], "texture": "#1"},
				"west": {"uv": [0, 0, 1, 0.4], "texture": "#1"},
				"up": {"uv": [0, 0, 1, 1], "texture": "#1"},
				"down": {"uv": [0, 0, 1, 1], "texture": "#1"}
			}
		},
		{
			"from": [2.3, 0.2, 9],
			"to": [3.3, 0.6, 10],
			"faces": {
				"north": {"uv": [0, 0, 1, 0.4], "texture": "#1"},
				"east": {"uv": [0, 0, 1, 0.4], "texture": "#1"},
				"south": {"uv": [0, 0, 1, 0.4], "texture": "#1"},
				"west": {"uv": [0, 0, 1, 0.4], "texture": "#1"},
				"up": {"uv": [0, 0, 1, 1], "texture": "#1"},
				"down": {"uv": [0, 0, 1, 1], "texture": "#1"}
			}
		},
		{
			"from": [13.1, 0.2, 7.8],
			"to": [14.1, 0.6, 8.8],
			"faces": {
				"north": {"uv": [0, 0, 1, 0.4], "texture": "#1"},
				"east": {"uv": [0, 0, 1, 0.4], "texture": "#1"},
				"south": {"uv": [0, 0, 1, 0.4], "texture": "#1"},
				"west": {"uv": [0, 0, 1, 0.4], "texture": "#1"},
				"up": {"uv": [0, 0, 1, 1], "texture": "#1"},
				"down": {"uv": [0, 0, 1, 1], "texture": "#1"}
			}
		},
		{
			"from": [11.8, 0.2, 7.8],
			"to": [12.8, 0.6, 8.8],
			"faces": {
				"north": {"uv": [0, 0, 1, 0.4], "texture": "#1"},
				"east": {"uv": [0, 0, 1, 0.4], "texture": "#1"},
				"south": {"uv": [0, 0, 1, 0.4], "texture": "#1"},
				"west": {"uv": [0, 0, 1, 0.4], "texture": "#1"},
				"up": {"uv": [0, 0, 1, 1], "texture": "#1"},
				"down": {"uv": [0, 0, 1, 1], "texture": "#1"}
			}
		},
		{
			"from": [10.6, 0.2, 7.8],
			"to": [11.6, 0.6, 8.8],
			"faces": {
				"north": {"uv": [0, 0, 1, 0.4], "texture": "#1"},
				"east": {"uv": [0, 0, 1, 0.4], "texture": "#1"},
				"south": {"uv": [0, 0, 1, 0.4], "texture": "#1"},
				"west": {"uv": [0, 0, 1, 0.4], "texture": "#1"},
				"up": {"uv": [0, 0, 1, 1], "texture": "#1"},
				"down": {"uv": [0, 0, 1, 1], "texture": "#1"}
			}
		},
		{
			"from": [9.4, 0.2, 7.8],
			"to": [10.4, 0.6, 8.8],
			"faces": {
				"north": {"uv": [0, 0, 1, 0.4], "texture": "#1"},
				"east": {"uv": [0, 0, 1, 0.4], "texture": "#1"},
				"south": {"uv": [0, 0, 1, 0.4], "texture": "#1"},
				"west": {"uv": [0, 0, 1, 0.4], "texture": "#1"},
				"up": {"uv": [0, 0, 1, 1], "texture": "#1"},
				"down": {"uv": [0, 0, 1, 1], "texture": "#1"}
			}
		},
		{
			"from": [8.2, 0.2, 7.8],
			"to": [9.2, 0.6, 8.8],
			"faces": {
				"north": {"uv": [0, 0, 1, 0.4], "texture": "#1"},
				"east": {"uv": [0, 0, 1, 0.4], "texture": "#1"},
				"south": {"uv": [0, 0, 1, 0.4], "texture": "#1"},
				"west": {"uv": [0, 0, 1, 0.4], "texture": "#1"},
				"up": {"uv": [0, 0, 1, 1], "texture": "#1"},
				"down": {"uv": [0, 0, 1, 1], "texture": "#1"}
			}
		},
		{
			"from": [7, 0.2, 7.8],
			"to": [8, 0.6, 8.8],
			"faces": {
				"north": {"uv": [0, 0, 1, 0.4], "texture": "#1"},
				"east": {"uv": [0, 0, 1, 0.4], "texture": "#1"},
				"south": {"uv": [0, 0, 1, 0.4], "texture": "#1"},
				"west": {"uv": [0, 0, 1, 0.4], "texture": "#1"},
				"up": {"uv": [0, 0, 1, 1], "texture": "#1"},
				"down": {"uv": [0, 0, 1, 1], "texture": "#1"}
			}
		},
		{
			"from": [5.8, 0.2, 7.8],
			"to": [6.8, 0.6, 8.8],
			"faces": {
				"north": {"uv": [0, 0, 1, 0.4], "texture": "#1"},
				"east": {"uv": [0, 0, 1, 0.4], "texture": "#1"},
				"south": {"uv": [0, 0, 1, 0.4], "texture": "#1"},
				"west": {"uv": [0, 0, 1, 0.4], "texture": "#1"},
				"up": {"uv": [0, 0, 1, 1], "texture": "#1"},
				"down": {"uv": [0, 0, 1, 1], "texture": "#1"}
			}
		},
		{
			"from": [4.6, 0.2, 7.8],
			"to": [5.6, 0.6, 8.8],
			"faces": {
				"north": {"uv": [0, 0, 1, 0.4], "texture": "#1"},
				"east": {"uv": [0, 0, 1, 0.4], "texture": "#1"},
				"south": {"uv": [0, 0, 1, 0.4], "texture": "#1"},
				"west": {"uv": [0, 0, 1, 0.4], "texture": "#1"},
				"up": {"uv": [0, 0, 1, 1], "texture": "#1"},
				"down": {"uv": [0, 0, 1, 1], "texture": "#1"}
			}
		},
		{
			"from": [3.4, 0.2, 7.8],
			"to": [4.4, 0.6, 8.8],
			"faces": {
				"north": {"uv": [0, 0, 1, 0.4], "texture": "#1"},
				"east": {"uv": [0, 0, 1, 0.4], "texture": "#1"},
				"south": {"uv": [0, 0, 1, 0.4], "texture": "#1"},
				"west": {"uv": [0, 0, 1, 0.4], "texture": "#1"},
				"up": {"uv": [0, 0, 1, 1], "texture": "#1"},
				"down": {"uv": [0, 0, 1, 1], "texture": "#1"}
			}
		},
		{
			"from": [2.3, 0.2, 7.8],
			"to": [3.3, 0.6, 8.8],
			"faces": {
				"north": {"uv": [0, 0, 1, 0.4], "texture": "#1"},
				"east": {"uv": [0, 0, 1, 0.4], "texture": "#1"},
				"south": {"uv": [0, 0, 1, 0.4], "texture": "#1"},
				"west": {"uv": [0, 0, 1, 0.4], "texture": "#1"},
				"up": {"uv": [0, 0, 1, 1], "texture": "#1"},
				"down": {"uv": [0, 0, 1, 1], "texture": "#1"}
			}
		},
		{
			"from": [13.1, 0.2, 6.6],
			"to": [14.1, 0.6, 7.6],
			"faces": {
				"north": {"uv": [0, 0, 1, 0.4], "texture": "#1"},
				"east": {"uv": [0, 0, 1, 0.4], "texture": "#1"},
				"south": {"uv": [0, 0, 1, 0.4], "texture": "#1"},
				"west": {"uv": [0, 0, 1, 0.4], "texture": "#1"},
				"up": {"uv": [0, 0, 1, 1], "texture": "#1"},
				"down": {"uv": [0, 0, 1, 1], "texture": "#1"}
			}
		},
		{
			"from": [11.8, 0.2, 6.6],
			"to": [12.8, 0.6, 7.6],
			"faces": {
				"north": {"uv": [0, 0, 1, 0.4], "texture": "#1"},
				"east": {"uv": [0, 0, 1, 0.4], "texture": "#1"},
				"south": {"uv": [0, 0, 1, 0.4], "texture": "#1"},
				"west": {"uv": [0, 0, 1, 0.4], "texture": "#1"},
				"up": {"uv": [0, 0, 1, 1], "texture": "#1"},
				"down": {"uv": [0, 0, 1, 1], "texture": "#1"}
			}
		},
		{
			"from": [10.6, 0.2, 6.6],
			"to": [11.6, 0.6, 7.6],
			"faces": {
				"north": {"uv": [0, 0, 1, 0.4], "texture": "#1"},
				"east": {"uv": [0, 0, 1, 0.4], "texture": "#1"},
				"south": {"uv": [0, 0, 1, 0.4], "texture": "#1"},
				"west": {"uv": [0, 0, 1, 0.4], "texture": "#1"},
				"up": {"uv": [0, 0, 1, 1], "texture": "#1"},
				"down": {"uv": [0, 0, 1, 1], "texture": "#1"}
			}
		},
		{
			"from": [9.4, 0.2, 6.6],
			"to": [10.4, 0.6, 7.6],
			"faces": {
				"north": {"uv": [0, 0, 1, 0.4], "texture": "#1"},
				"east": {"uv": [0, 0, 1, 0.4], "texture": "#1"},
				"south": {"uv": [0, 0, 1, 0.4], "texture": "#1"},
				"west": {"uv": [0, 0, 1, 0.4], "texture": "#1"},
				"up": {"uv": [0, 0, 1, 1], "texture": "#1"},
				"down": {"uv": [0, 0, 1, 1], "texture": "#1"}
			}
		},
		{
			"from": [8.2, 0.2, 6.6],
			"to": [9.2, 0.6, 7.6],
			"faces": {
				"north": {"uv": [0, 0, 1, 0.4], "texture": "#1"},
				"east": {"uv": [0, 0, 1, 0.4], "texture": "#1"},
				"south": {"uv": [0, 0, 1, 0.4], "texture": "#1"},
				"west": {"uv": [0, 0, 1, 0.4], "texture": "#1"},
				"up": {"uv": [0, 0, 1, 1], "texture": "#1"},
				"down": {"uv": [0, 0, 1, 1], "texture": "#1"}
			}
		},
		{
			"from": [7, 0.2, 6.6],
			"to": [8, 0.6, 7.6],
			"faces": {
				"north": {"uv": [0, 0, 1, 0.4], "texture": "#1"},
				"east": {"uv": [0, 0, 1, 0.4], "texture": "#1"},
				"south": {"uv": [0, 0, 1, 0.4], "texture": "#1"},
				"west": {"uv": [0, 0, 1, 0.4], "texture": "#1"},
				"up": {"uv": [0, 0, 1, 1], "texture": "#1"},
				"down": {"uv": [0, 0, 1, 1], "texture": "#1"}
			}
		},
		{
			"from": [5.8, 0.2, 6.6],
			"to": [6.8, 0.6, 7.6],
			"faces": {
				"north": {"uv": [0, 0, 1, 0.4], "texture": "#1"},
				"east": {"uv": [0, 0, 1, 0.4], "texture": "#1"},
				"south": {"uv": [0, 0, 1, 0.4], "texture": "#1"},
				"west": {"uv": [0, 0, 1, 0.4], "texture": "#1"},
				"up": {"uv": [0, 0, 1, 1], "texture": "#1"},
				"down": {"uv": [0, 0, 1, 1], "texture": "#1"}
			}
		},
		{
			"from": [4.6, 0.2, 6.6],
			"to": [5.6, 0.6, 7.6],
			"faces": {
				"north": {"uv": [0, 0, 1, 0.4], "texture": "#1"},
				"east": {"uv": [0, 0, 1, 0.4], "texture": "#1"},
				"south": {"uv": [0, 0, 1, 0.4], "texture": "#1"},
				"west": {"uv": [0, 0, 1, 0.4], "texture": "#1"},
				"up": {"uv": [0, 0, 1, 1], "texture": "#1"},
				"down": {"uv": [0, 0, 1, 1], "texture": "#1"}
			}
		},
		{
			"from": [3.4, 0.2, 6.6],
			"to": [4.4, 0.6, 7.6],
			"faces": {
				"north": {"uv": [0, 0, 1, 0.4], "texture": "#1"},
				"east": {"uv": [0, 0, 1, 0.4], "texture": "#1"},
				"south": {"uv": [0, 0, 1, 0.4], "texture": "#1"},
				"west": {"uv": [0, 0, 1, 0.4], "texture": "#1"},
				"up": {"uv": [0, 0, 1, 1], "texture": "#1"},
				"down": {"uv": [0, 0, 1, 1], "texture": "#1"}
			}
		},
		{
			"from": [2.3, 0.2, 6.6],
			"to": [3.3, 0.6, 7.6],
			"faces": {
				"north": {"uv": [0, 0, 1, 0.4], "texture": "#1"},
				"east": {"uv": [0, 0, 1, 0.4], "texture": "#1"},
				"south": {"uv": [0, 0, 1, 0.4], "texture": "#1"},
				"west": {"uv": [0, 0, 1, 0.4], "texture": "#1"},
				"up": {"uv": [0, 0, 1, 1], "texture": "#1"},
				"down": {"uv": [0, 0, 1, 1], "texture": "#1"}
			}
		},
		{
			"from": [13.1, 0.2, 5.4],
			"to": [14.1, 0.6, 6.4],
			"faces": {
				"north": {"uv": [0, 0, 1, 0.4], "texture": "#1"},
				"east": {"uv": [0, 0, 1, 0.4], "texture": "#1"},
				"south": {"uv": [0, 0, 1, 0.4], "texture": "#1"},
				"west": {"uv": [0, 0, 1, 0.4], "texture": "#1"},
				"up": {"uv": [0, 0, 1, 1], "texture": "#1"},
				"down": {"uv": [0, 0, 1, 1], "texture": "#1"}
			}
		},
		{
			"from": [11.8, 0.2, 5.4],
			"to": [12.8, 0.6, 6.4],
			"faces": {
				"north": {"uv": [0, 0, 1, 0.4], "texture": "#1"},
				"east": {"uv": [0, 0, 1, 0.4], "texture": "#1"},
				"south": {"uv": [0, 0, 1, 0.4], "texture": "#1"},
				"west": {"uv": [0, 0, 1, 0.4], "texture": "#1"},
				"up": {"uv": [0, 0, 1, 1], "texture": "#1"},
				"down": {"uv": [0, 0, 1, 1], "texture": "#1"}
			}
		},
		{
			"from": [10.6, 0.2, 5.4],
			"to": [11.6, 0.6, 6.4],
			"faces": {
				"north": {"uv": [0, 0, 1, 0.4], "texture": "#1"},
				"east": {"uv": [0, 0, 1, 0.4], "texture": "#1"},
				"south": {"uv": [0, 0, 1, 0.4], "texture": "#1"},
				"west": {"uv": [0, 0, 1, 0.4], "texture": "#1"},
				"up": {"uv": [0, 0, 1, 1], "texture": "#1"},
				"down": {"uv": [0, 0, 1, 1], "texture": "#1"}
			}
		},
		{
			"from": [9.4, 0.2, 5.4],
			"to": [10.4, 0.6, 6.4],
			"faces": {
				"north": {"uv": [0, 0, 1, 0.4], "texture": "#1"},
				"east": {"uv": [0, 0, 1, 0.4], "texture": "#1"},
				"south": {"uv": [0, 0, 1, 0.4], "texture": "#1"},
				"west": {"uv": [0, 0, 1, 0.4], "texture": "#1"},
				"up": {"uv": [0, 0, 1, 1], "texture": "#1"},
				"down": {"uv": [0, 0, 1, 1], "texture": "#1"}
			}
		},
		{
			"from": [8.2, 0.2, 5.4],
			"to": [9.2, 0.6, 6.4],
			"faces": {
				"north": {"uv": [0, 0, 1, 0.4], "texture": "#1"},
				"east": {"uv": [0, 0, 1, 0.4], "texture": "#1"},
				"south": {"uv": [0, 0, 1, 0.4], "texture": "#1"},
				"west": {"uv": [0, 0, 1, 0.4], "texture": "#1"},
				"up": {"uv": [0, 0, 1, 1], "texture": "#1"},
				"down": {"uv": [0, 0, 1, 1], "texture": "#1"}
			}
		},
		{
			"from": [7, 0.2, 5.4],
			"to": [8, 0.6, 6.4],
			"faces": {
				"north": {"uv": [0, 0, 1, 0.4], "texture": "#1"},
				"east": {"uv": [0, 0, 1, 0.4], "texture": "#1"},
				"south": {"uv": [0, 0, 1, 0.4], "texture": "#1"},
				"west": {"uv": [0, 0, 1, 0.4], "texture": "#1"},
				"up": {"uv": [0, 0, 1, 1], "texture": "#1"},
				"down": {"uv": [0, 0, 1, 1], "texture": "#1"}
			}
		},
		{
			"from": [5.8, 0.2, 5.4],
			"to": [6.8, 0.6, 6.4],
			"faces": {
				"north": {"uv": [0, 0, 1, 0.4], "texture": "#1"},
				"east": {"uv": [0, 0, 1, 0.4], "texture": "#1"},
				"south": {"uv": [0, 0, 1, 0.4], "texture": "#1"},
				"west": {"uv": [0, 0, 1, 0.4], "texture": "#1"},
				"up": {"uv": [0, 0, 1, 1], "texture": "#1"},
				"down": {"uv": [0, 0, 1, 1], "texture": "#1"}
			}
		},
		{
			"from": [4.6, 0.2, 5.4],
			"to": [5.6, 0.6, 6.4],
			"faces": {
				"north": {"uv": [0, 0, 1, 0.4], "texture": "#1"},
				"east": {"uv": [0, 0, 1, 0.4], "texture": "#1"},
				"south": {"uv": [0, 0, 1, 0.4], "texture": "#1"},
				"west": {"uv": [0, 0, 1, 0.4], "texture": "#1"},
				"up": {"uv": [0, 0, 1, 1], "texture": "#1"},
				"down": {"uv": [0, 0, 1, 1], "texture": "#1"}
			}
		},
		{
			"from": [3.4, 0.2, 5.4],
			"to": [4.4, 0.6, 6.4],
			"faces": {
				"north": {"uv": [0, 0, 1, 0.4], "texture": "#1"},
				"east": {"uv": [0, 0, 1, 0.4], "texture": "#1"},
				"south": {"uv": [0, 0, 1, 0.4], "texture": "#1"},
				"west": {"uv": [0, 0, 1, 0.4], "texture": "#1"},
				"up": {"uv": [0, 0, 1, 1], "texture": "#1"},
				"down": {"uv": [0, 0, 1, 1], "texture": "#1"}
			}
		},
		{
			"from": [2.3, 0.2, 5.4],
			"to": [3.3, 0.6, 6.4],
			"faces": {
				"north": {"uv": [0, 0, 1, 0.4], "texture": "#1"},
				"east": {"uv": [0, 0, 1, 0.4], "texture": "#1"},
				"south": {"uv": [0, 0, 1, 0.4], "texture": "#1"},
				"west": {"uv": [0, 0, 1, 0.4], "texture": "#1"},
				"up": {"uv": [0, 0, 1, 1], "texture": "#1"},
				"down": {"uv": [0, 0, 1, 1], "texture": "#1"}
			}
		},
		{
			"from": [13.1, 0.4, 4.2],
			"to": [14.1, 0.6, 5.2],
			"faces": {
				"north": {"uv": [0, 0, 1, 0.2], "texture": "#1"},
				"east": {"uv": [0, 0, 1, 0.2], "texture": "#1"},
				"south": {"uv": [0, 0, 1, 0.2], "texture": "#1"},
				"west": {"uv": [0, 0, 1, 0.2], "texture": "#1"},
				"up": {"uv": [0, 0, 1, 1], "texture": "#1"},
				"down": {"uv": [0, 0, 1, 1], "texture": "#1"}
			}
		},
		{
			"from": [11.8, 0.4, 4.2],
			"to": [12.8, 0.6, 5.2],
			"faces": {
				"north": {"uv": [0, 0, 1, 0.2], "texture": "#1"},
				"east": {"uv": [0, 0, 1, 0.2], "texture": "#1"},
				"south": {"uv": [0, 0, 1, 0.2], "texture": "#1"},
				"west": {"uv": [0, 0, 1, 0.2], "texture": "#1"},
				"up": {"uv": [0, 0, 1, 1], "texture": "#1"},
				"down": {"uv": [0, 0, 1, 1], "texture": "#1"}
			}
		},
		{
			"from": [10.6, 0.4, 4.2],
			"to": [11.6, 0.6, 5.2],
			"faces": {
				"north": {"uv": [0, 0, 1, 0.2], "texture": "#1"},
				"east": {"uv": [0, 0, 1, 0.2], "texture": "#1"},
				"south": {"uv": [0, 0, 1, 0.2], "texture": "#1"},
				"west": {"uv": [0, 0, 1, 0.2], "texture": "#1"},
				"up": {"uv": [0, 0, 1, 1], "texture": "#1"},
				"down": {"uv": [0, 0, 1, 1], "texture": "#1"}
			}
		},
		{
			"from": [9.4, 0.4, 4.2],
			"to": [10.4, 0.6, 5.2],
			"faces": {
				"north": {"uv": [0, 0, 1, 0.2], "texture": "#1"},
				"east": {"uv": [0, 0, 1, 0.2], "texture": "#1"},
				"south": {"uv": [0, 0, 1, 0.2], "texture": "#1"},
				"west": {"uv": [0, 0, 1, 0.2], "texture": "#1"},
				"up": {"uv": [0, 0, 1, 1], "texture": "#1"},
				"down": {"uv": [0, 0, 1, 1], "texture": "#1"}
			}
		},
		{
			"from": [8.2, 0.4, 4.2],
			"to": [9.2, 0.6, 5.2],
			"faces": {
				"north": {"uv": [0, 0, 1, 0.2], "texture": "#1"},
				"east": {"uv": [0, 0, 1, 0.2], "texture": "#1"},
				"south": {"uv": [0, 0, 1, 0.2], "texture": "#1"},
				"west": {"uv": [0, 0, 1, 0.2], "texture": "#1"},
				"up": {"uv": [0, 0, 1, 1], "texture": "#1"},
				"down": {"uv": [0, 0, 1, 1], "texture": "#1"}
			}
		},
		{
			"from": [6, 0.4, 1.6],
			"to": [10.1, 0.5, 3.8],
			"faces": {
				"north": {"uv": [0, 0, 4.1, 0.1], "texture": "#1"},
				"east": {"uv": [0, 0, 2.2, 0.1], "texture": "#1"},
				"south": {"uv": [0, 0, 4.1, 0.1], "texture": "#1"},
				"west": {"uv": [0, 0, 2.2, 0.1], "texture": "#1"},
				"up": {"uv": [0, 0, 4.1, 2.2], "texture": "#1"},
				"down": {"uv": [0, 0, 4.1, 2.2], "texture": "#1"}
			}
		},
		{
			"from": [7, 0.4, 4.2],
			"to": [8, 0.6, 5.2],
			"faces": {
				"north": {"uv": [0, 0, 1, 0.2], "texture": "#1"},
				"east": {"uv": [0, 0, 1, 0.2], "texture": "#1"},
				"south": {"uv": [0, 0, 1, 0.2], "texture": "#1"},
				"west": {"uv": [0, 0, 1, 0.2], "texture": "#1"},
				"up": {"uv": [0, 0, 1, 1], "texture": "#1"},
				"down": {"uv": [0, 0, 1, 1], "texture": "#1"}
			}
		},
		{
			"from": [5.8, 0.4, 4.2],
			"to": [6.8, 0.6, 5.2],
			"faces": {
				"north": {"uv": [0, 0, 1, 0.2], "texture": "#1"},
				"east": {"uv": [0, 0, 1, 0.2], "texture": "#1"},
				"south": {"uv": [0, 0, 1, 0.2], "texture": "#1"},
				"west": {"uv": [0, 0, 1, 0.2], "texture": "#1"},
				"up": {"uv": [0, 0, 1, 1], "texture": "#1"},
				"down": {"uv": [0, 0, 1, 1], "texture": "#1"}
			}
		},
		{
			"from": [4.6, 0.4, 4.2],
			"to": [5.6, 0.6, 5.2],
			"faces": {
				"north": {"uv": [0, 0, 1, 0.2], "texture": "#1"},
				"east": {"uv": [0, 0, 1, 0.2], "texture": "#1"},
				"south": {"uv": [0, 0, 1, 0.2], "texture": "#1"},
				"west": {"uv": [0, 0, 1, 0.2], "texture": "#1"},
				"up": {"uv": [0, 0, 1, 1], "texture": "#1"},
				"down": {"uv": [0, 0, 1, 1], "texture": "#1"}
			}
		},
		{
			"from": [3.4, 0.4, 4.2],
			"to": [4.4, 0.6, 5.2],
			"faces": {
				"north": {"uv": [0, 0, 1, 0.2], "texture": "#1"},
				"east": {"uv": [0, 0, 1, 0.2], "texture": "#1"},
				"south": {"uv": [0, 0, 1, 0.2], "texture": "#1"},
				"west": {"uv": [0, 0, 1, 0.2], "texture": "#1"},
				"up": {"uv": [0, 0, 1, 1], "texture": "#1"},
				"down": {"uv": [0, 0, 1, 1], "texture": "#1"}
			}
		},
		{
			"from": [2.3, 0.4, 4.2],
			"to": [3.3, 0.6, 5.2],
			"faces": {
				"north": {"uv": [0, 0, 1, 0.2], "texture": "#1"},
				"east": {"uv": [0, 0, 1, 0.2], "texture": "#1"},
				"south": {"uv": [0, 0, 1, 0.2], "texture": "#1"},
				"west": {"uv": [0, 0, 1, 0.2], "texture": "#1"},
				"up": {"uv": [0, 0, 1, 1], "texture": "#1"},
				"down": {"uv": [0, 0, 1, 1], "texture": "#1"}
			}
		},
		{
			"from": [2, 5.4, 9.6],
			"to": [14, 13, 9.7],
			"rotation": {"angle": 22.5, "axis": "x", "origin": [0, 0, 0]},
			"faces": {
				"north": {"uv": [0, 0, 12, 7.6], "texture": "#1"},
				"east": {"uv": [0, 0, 0.1, 7.6], "texture": "#1"},
				"south": {"uv": [0, 0, 12, 7.6], "texture": "#1"},
				"west": {"uv": [0, 0, 0.1, 7.6], "texture": "#1"},
				"up": {"uv": [0, 0, 12, 0.1], "texture": "#1"},
				"down": {"uv": [0, 0, 12, 0.1], "texture": "#1"}
			}
		}
	],
	"display": {
		"thirdperson_righthand": {
			"translation": [0, 4, -1.25],
			"scale": [0.5, 0.5, 0.5]
		},
		"thirdperson_lefthand": {
			"translation": [0, 4.25, 0],
			"scale": [0.5, 0.5, 0.5]
		},
		"gui": {
			"rotation": [34, 180, 0],
			"translation": [0, 2, 0]
		}
	},
	"groups": [
		0,
		1,
		{
			"name": "group",
			"origin": [0, 0, 0],
			"color": 0,
			"children": [2, 3, 4, 5, 6, 7, 8, 9, 10, 11]
		},
		{
			"name": "group",
			"origin": [0, 0, 0],
			"color": 0,
			"children": [12, 13, 14, 15, 16, 17, 18, 19, 20, 21]
		},
		{
			"name": "group",
			"origin": [0, 0, 0],
			"color": 0,
			"children": [22, 23, 24, 25, 26, 27, 28, 29, 30, 31]
		},
		{
			"name": "group",
			"origin": [0, 0, 0],
			"color": 0,
			"children": [32, 33, 34, 35, 36, 37, 38, 39, 40, 41]
		},
		{
			"name": "group",
			"origin": [0, 0, 0],
			"color": 0,
			"children": [42, 43, 44, 45, 46, 47, 48, 49, 50, 51, 52, 53]
		}
	]
}