{
	"credit": "Made with Blockbench",
	"textures": {
		"2": "block/white_concrete",
		"3": "block/cyan_terracotta"
	},
	"elements": [
		{
			"from": [3.25, 7.5, 1],
			"to": [6.25, 8.5, 1.5],
			"faces": {
				"north": {"uv": [0, 0, 3, 1], "texture": "#3"},
				"east": {"uv": [0, 0, 2, 1], "texture": "#3"},
				"south": {"uv": [0, 0, 3, 1], "texture": "#3"},
				"west": {"uv": [0, 0, 2, 1], "texture": "#3"},
				"up": {"uv": [0, 0, 3, 2], "texture": "#3"},
				"down": {"uv": [0, 0, 3, 2], "texture": "#3"}
			}
		},
		{
			"from": [3.5, 12, 1],
			"to": [4.5, 16, 1.5],
			"faces": {
				"north": {"uv": [0, 0, 1, 8], "texture": "#3"},
				"east": {"uv": [0, 0, 2, 8], "texture": "#3"},
				"south": {"uv": [0, 0, 1, 8], "texture": "#3"},
				"west": {"uv": [0, 0, 2, 8], "texture": "#3"},
				"up": {"uv": [0, 0, 1, 2], "texture": "#3"},
				"down": {"uv": [0, 0, 1, 2], "texture": "#3"}
			}
		},
		{
			"from": [10.25, 7.5, 1],
			"to": [13.25, 8.5, 1.5],
			"faces": {
				"north": {"uv": [0, 0, 3, 1], "texture": "#3"},
				"east": {"uv": [0, 0, 2, 1], "texture": "#3"},
				"south": {"uv": [0, 0, 3, 1], "texture": "#3"},
				"west": {"uv": [0, 0, 2, 1], "texture": "#3"},
				"up": {"uv": [0, 0, 3, 2], "texture": "#3"},
				"down": {"uv": [0, 0, 3, 2], "texture": "#3"}
			}
		},
		{
			"from": [5.5, 2.5, 1],
			"to": [11.5, 3.5, 1.5],
			"faces": {
				"north": {"uv": [0, 0, 6, 1], "texture": "#3"},
				"east": {"uv": [0, 0, 2, 1], "texture": "#3"},
				"south": {"uv": [0, 0, 6, 1], "texture": "#3"},
				"west": {"uv": [0, 0, 2, 1], "texture": "#3"},
				"up": {"uv": [0, 0, 6, 2], "texture": "#3"},
				"down": {"uv": [0, 0, 6, 2], "texture": "#3"}
			}
		},
		{
			"from": [1.5, 10, 1.5],
			"to": [14.5, 16, 3.5],
			"faces": {
				"north": {"uv": [0, 0, 6.5, 4], "texture": "#2"},
				"east": {"uv": [0, 0, 2, 4], "texture": "#2"},
				"south": {"uv": [0, 0, 6.5, 4], "texture": "#2"},
				"west": {"uv": [0, 0, 2, 4], "texture": "#2"},
				"up": {"uv": [0, 0, 6.5, 2], "texture": "#2"},
				"down": {"uv": [0, 0, 6.5, 2], "texture": "#2"}
			}
		},
		{
			"from": [9, 5, 1.5],
			"to": [14.5, 9, 3.5],
			"faces": {
				"north": {"uv": [0, 0, 5.5, 4], "texture": "#2"},
				"east": {"uv": [0, 0, 2, 4], "texture": "#2"},
				"south": {"uv": [0, 0, 5.5, 4], "texture": "#2"},
				"west": {"uv": [0, 0, 2, 4], "texture": "#2"},
				"up": {"uv": [0, 0, 5.5, 2], "texture": "#2"},
				"down": {"uv": [0, 0, 5.5, 2], "texture": "#2"}
			}
		},
		{
			"from": [1.5, 5, 1.5],
			"to": [8, 9, 3.5],
			"faces": {
				"north": {"uv": [0, 0, 6.5, 4], "texture": "#2"},
				"east": {"uv": [0, 0, 2, 4], "texture": "#2"},
				"south": {"uv": [0, 0, 6.5, 4], "texture": "#2"},
				"west": {"uv": [0, 0, 2, 4], "texture": "#2"},
				"up": {"uv": [0, 0, 6.5, 2], "texture": "#2"},
				"down": {"uv": [0, 0, 6.5, 2], "texture": "#2"}
			}
		},
		{
			"from": [1.5, 1, 1.5],
			"to": [14.5, 4, 3.5],
			"faces": {
				"north": {"uv": [0, 0, 13, 3], "texture": "#2"},
				"east": {"uv": [0, 0, 2, 3], "texture": "#2"},
				"south": {"uv": [0, 0, 13, 3], "texture": "#2"},
				"west": {"uv": [0, 0, 2, 3], "texture": "#2"},
				"up": {"uv": [0, 0, 13, 2], "texture": "#2"},
				"down": {"uv": [0, 0, 13, 2], "texture": "#2"}
			}
		},
		{
			"from": [1, 0, 2],
			"to": [15, 16, 16],
			"faces": {
				"north": {"uv": [0, 0, 14, 16], "texture": "#2"},
				"east": {"uv": [0, 0, 14, 16], "texture": "#2"},
				"south": {"uv": [0, 0, 14, 16], "texture": "#2"},
				"west": {"uv": [0, 0, 14, 16], "texture": "#2"},
				"up": {"uv": [0, 0, 14, 14], "texture": "#2"},
				"down": {"uv": [0, 0, 14, 14], "texture": "#2"}
			}
		}
	],
	"groups": [
		0,
		1,
		2,
		3,
		{
			"name": "group",
			"origin": [0, 0, 0],
			"color": 0,
			"children": [4, 5, 6, 7, 8]
		}
	]
}