{
	"credit": "Made with Blockbench",
	"textures": {
		"0": "block/white_concrete",
		"1": "block/cyan_terracotta",
		"particle": "block/white_concrete"
	},
	"elements": [
		{
			"from": [3.5, 0, 1],
			"to": [4.5, 6, 1.5],
			"faces": {
				"north": {"uv": [0, 0, 1, 8], "texture": "#1"},
				"east": {"uv": [0, 0, 2, 8], "texture": "#1"},
				"south": {"uv": [0, 0, 1, 8], "texture": "#1"},
				"west": {"uv": [0, 0, 2, 8], "texture": "#1"},
				"up": {"uv": [0, 0, 1, 2], "texture": "#1"},
				"down": {"uv": [0, 0, 1, 2], "texture": "#1"}
			}
		},
		{
			"from": [1, 0, 2],
			"to": [15, 11, 16],
			"faces": {
				"north": {"uv": [0, 0, 14, 11], "texture": "#0"},
				"east": {"uv": [0, 0, 14, 11], "texture": "#0"},
				"south": {"uv": [0, 0, 14, 11], "texture": "#0"},
				"west": {"uv": [0, 0, 14, 11], "texture": "#0"},
				"up": {"uv": [0, 0, 14, 14], "texture": "#0"},
				"down": {"uv": [0, 0, 14, 14], "texture": "#0"}
			}
		},
		{
			"from": [1.5, 0, 1.5],
			"to": [14.5, 9, 3.5],
			"faces": {
				"north": {"uv": [0, 0, 6.5, 4], "texture": "#0"},
				"east": {"uv": [0, 0, 2, 4], "texture": "#0"},
				"south": {"uv": [0, 0, 6.5, 4], "texture": "#0"},
				"west": {"uv": [0, 0, 2, 4], "texture": "#0"},
				"up": {"uv": [0, 0, 6.5, 2], "texture": "#0"},
				"down": {"uv": [0, 0, 6.5, 2], "texture": "#0"}
			}
		}
	],
	"groups": [
		0,
		{
			"name": "group",
			"origin": [0, 0, 0],
			"color": 0,
			"children": [1, 2]
		}
	]
}