{
	"credit": "Made with Blockbench",
	"textures": {
		"4": "block/light_gray_concrete",
		"5": "block/white_concrete",
		"6": "block/black_concrete",
		"7": "block/gray_concrete"
	},
	"elements": [
		{
			"from": [1, 0, 1],
			"to": [15, 13.1, 15],
			"faces": {
				"north": {"uv": [0, 0, 14, 13], "texture": "#4"},
				"east": {"uv": [0, 0, 14, 13], "texture": "#4"},
				"south": {"uv": [0, 0, 14, 13], "texture": "#4"},
				"west": {"uv": [0, 0, 14, 13], "texture": "#4"},
				"up": {"uv": [0, 0, 14, 14], "texture": "#4"},
				"down": {"uv": [0, 0, 14, 14], "texture": "#4"}
			}
		},
		{
			"from": [1, 13, 3],
			"to": [15, 15, 5],
			"faces": {
				"north": {"uv": [0, 0, 14, 2], "texture": "#4"},
				"east": {"uv": [0, 0, 2, 2], "texture": "#4"},
				"south": {"uv": [0, 0, 14, 2], "texture": "#4"},
				"west": {"uv": [0, 0, 2, 2], "texture": "#4"},
				"up": {"uv": [0, 0, 14, 2], "texture": "#4"},
				"down": {"uv": [0, 0, 14, 2], "texture": "#4"}
			}
		},
		{
			"from": [1, 12, 5],
			"to": [15, 17, 7],
			"faces": {
				"north": {"uv": [0, 0, 14, 5], "texture": "#4"},
				"east": {"uv": [0, 0, 2, 5], "texture": "#4"},
				"south": {"uv": [0, 0, 14, 5], "texture": "#4"},
				"west": {"uv": [0, 0, 2, 5], "texture": "#4"},
				"up": {"uv": [0, 0, 14, 2], "texture": "#4"},
				"down": {"uv": [0, 0, 14, 2], "texture": "#4"}
			}
		},
		{
			"from": [1, 13, 9],
			"to": [15, 21, 11],
			"faces": {
				"north": {"uv": [0, 0, 14, 8], "texture": "#4"},
				"east": {"uv": [0, 0, 2, 8], "texture": "#4"},
				"south": {"uv": [0, 0, 14, 8], "texture": "#4"},
				"west": {"uv": [0, 0, 2, 8], "texture": "#4"},
				"up": {"uv": [0, 0, 14, 2], "texture": "#4"},
				"down": {"uv": [0, 0, 14, 2], "texture": "#4"}
			}
		},
		{
			"from": [1, 13, 7],
			"to": [15, 19, 9],
			"faces": {
				"north": {"uv": [0, 0, 14, 6], "texture": "#4"},
				"east": {"uv": [0, 0, 2, 6], "texture": "#4"},
				"south": {"uv": [0, 0, 14, 6], "texture": "#4"},
				"west": {"uv": [0, 0, 2, 6], "texture": "#4"},
				"up": {"uv": [0, 0, 14, 2], "texture": "#4"},
				"down": {"uv": [0, 0, 14, 2], "texture": "#4"}
			}
		},
		{
			"from": [1, 12, 11],
			"to": [15, 23, 13],
			"faces": {
				"north": {"uv": [0, 0, 14, 11], "texture": "#4"},
				"east": {"uv": [0, 0, 2, 11], "texture": "#4"},
				"south": {"uv": [0, 0, 14, 11], "texture": "#4"},
				"west": {"uv": [0, 0, 2, 11], "texture": "#4"},
				"up": {"uv": [0, 0, 14, 2], "texture": "#4"},
				"down": {"uv": [0, 0, 14, 2], "texture": "#4"}
			}
		},
		{
			"from": [1, 10, -8.6],
			"to": [15, 27, -6.5],
			"rotation": {"angle": 45, "axis": "x", "origin": [0, 0, 0]},
			"faces": {
				"north": {"uv": [0, 0, 14, 16], "texture": "#4"},
				"east": {"uv": [0, 0, 2.1, 16], "texture": "#4"},
				"south": {"uv": [0, 0, 14, 16], "texture": "#4"},
				"west": {"uv": [0, 0, 2.1, 16], "texture": "#4"},
				"up": {"uv": [0, 0, 14, 2.1], "texture": "#4"},
				"down": {"uv": [0, 0, 14, 2.1], "texture": "#4"}
			}
		},
		{
			"from": [0.7, 13.1, 8.6],
			"to": [10.6, 25.2, 10.6],
			"rotation": {"angle": 0, "axis": "y", "origin": [0, 0, 0], "rescale": true},
			"faces": {
				"north": {"uv": [0, 0, 9.9, 12.1], "texture": "#4"},
				"east": {"uv": [0, 0, 2, 12.1], "texture": "#4"},
				"south": {"uv": [0, 0, 9.9, 12.1], "texture": "#4"},
				"west": {"uv": [0, 0, 2, 12.1], "texture": "#4"},
				"up": {"uv": [0, 0, 9.9, 2], "texture": "#4"},
				"down": {"uv": [0, 0, 9.9, 2], "texture": "#4"}
			}
		},
		{
			"from": [1.5, 10.5, -9],
			"to": [14.5, 26.5, -7],
			"rotation": {"angle": 45, "axis": "x", "origin": [0, 0, 0]},
			"faces": {
				"north": {"uv": [0, 0, 13, 16], "texture": "#6"},
				"east": {"uv": [0, 0, 2, 16], "texture": "#4"},
				"south": {"uv": [0, 0, 13, 16], "texture": "#4"},
				"west": {"uv": [0, 0, 2, 16], "texture": "#4"},
				"up": {"uv": [0, 0, 13, 2], "texture": "#4"},
				"down": {"uv": [0, 0, 13, 2], "texture": "#4"}
			}
		},
		{
			"from": [0.2, 15.3, 7],
			"to": [1, 18, 9],
			"faces": {
				"north": {"uv": [0, 0, 0.8, 2.7], "texture": "#5"},
				"east": {"uv": [0, 0, 2, 2.7], "texture": "#5"},
				"south": {"uv": [0, 0, 0.8, 2.7], "texture": "#5"},
				"west": {"uv": [0, 0, 2, 2.7], "texture": "#5"},
				"up": {"uv": [0, 0, 0.8, 2], "texture": "#5"},
				"down": {"uv": [0, 0, 0.8, 2], "texture": "#5"}
			}
		},
		{
			"from": [-2.7, 15, 7],
			"to": [1, 15.6, 9],
			"faces": {
				"north": {"uv": [0, 0, 3.7, 0.6], "texture": "#5"},
				"east": {"uv": [0, 0, 2, 0.6], "texture": "#5"},
				"south": {"uv": [0, 0, 3.7, 0.6], "texture": "#5"},
				"west": {"uv": [0, 0, 2, 0.6], "texture": "#5"},
				"up": {"uv": [0, 0, 3.7, 2], "texture": "#5"},
				"down": {"uv": [0, 0, 3.7, 2], "texture": "#5"}
			}
		},
		{
			"from": [-3, 15, 7],
			"to": [-2.4, 17.9, 9],
			"faces": {
				"north": {"uv": [0, 0, 0.6, 2.9], "texture": "#5"},
				"east": {"uv": [0, 0, 2, 2.9], "texture": "#5"},
				"south": {"uv": [0, 0, 0.6, 2.9], "texture": "#5"},
				"west": {"uv": [0, 0, 2, 2.9], "texture": "#5"},
				"up": {"uv": [0, 0, 0.6, 2], "texture": "#5"},
				"down": {"uv": [0, 0, 0.6, 2], "texture": "#5"}
			}
		},
		{
			"from": [-2.1, 15.7, 5.8],
			"to": [-0.4, 16.2, 9.9],
			"faces": {
				"north": {"uv": [0, 0, 1.7, 0.5], "texture": "#5"},
				"east": {"uv": [0, 0, 4.1, 0.5], "texture": "#5"},
				"south": {"uv": [0, 0, 1.7, 0.5], "texture": "#5"},
				"west": {"uv": [0, 0, 4.1, 0.5], "texture": "#5"},
				"up": {"uv": [0, 0, 1.7, 4.1], "texture": "#5"},
				"down": {"uv": [0, 0, 1.7, 4.1], "texture": "#5"}
			}
		},
		{
			"from": [-2.9, 18.1, 3],
			"to": [0.1, 19.1, 5],
			"rotation": {"angle": 22.5, "axis": "x", "origin": [0, 0, 0]},
			"faces": {
				"north": {"uv": [0, 0, 3, 1], "texture": "#7"},
				"east": {"uv": [0, 0, 2, 1], "texture": "#7"},
				"south": {"uv": [0, 0, 3, 1], "texture": "#7"},
				"west": {"uv": [0, 0, 2, 1], "texture": "#7"},
				"up": {"uv": [0, 0, 3, 2], "texture": "#7"},
				"down": {"uv": [0, 0, 3, 2], "texture": "#6"}
			}
		},
		{
			"from": [-1.4, 15.8, 4],
			"to": [-0.9, 16, 6],
			"faces": {
				"north": {"uv": [0, 0, 0.5, 0.2], "texture": "#7"},
				"east": {"uv": [0, 0, 2, 0.2], "texture": "#7"},
				"south": {"uv": [0, 0, 0.5, 0.2], "texture": "#7"},
				"west": {"uv": [0, 0, 2, 0.2], "texture": "#7"},
				"up": {"uv": [0, 0, 0.5, 2], "texture": "#7"},
				"down": {"uv": [0, 0, 0.5, 2], "texture": "#7"}
			}
		},
		{
			"from": [-1, 15.8, 4],
			"to": [1, 16, 4.4],
			"faces": {
				"north": {"uv": [0, 0, 2, 0.2], "texture": "#7"},
				"east": {"uv": [0, 0, 0.4, 0.2], "texture": "#7"},
				"south": {"uv": [0, 0, 2, 0.2], "texture": "#7"},
				"west": {"uv": [0, 0, 0.4, 0.2], "texture": "#5"},
				"up": {"uv": [0, 0, 2, 0.4], "texture": "#7"},
				"down": {"uv": [0, 0, 2, 0.4], "texture": "#7"}
			}
		}
	],
	"display": {
		"thirdperson_righthand": {
			"scale": [0.5, 0.5, 0.5]
		},
		"thirdperson_lefthand": {
			"scale": [0.5, 0.5, 0.5]
		},
		"firstperson_righthand": {
			"scale": [0.5, 0.5, 0.5]
		},
		"firstperson_lefthand": {
			"scale": [0.5, 0.5, 0.5]
		},
		"ground": {
			"scale": [0.5, 0.5, 0.5]
		},
		"gui": {
			"rotation": [33, 180, 0],
			"translation": [0, -2.5, 0],
			"scale": [0.7, 0.7, 0.7]
		}
	},
	"groups": [
		{
			"name": "group",
			"origin": [8, 8, 8],
			"color": 0,
			"children": [0, 1, 2, 3, 4, 5, 6, 7, 8]
		},
		9,
		10,
		11,
		12,
		13,
		14,
		15
	]
}