{
	"credit": "Made with Blockbench",
	"textures": {
		"0": "block/white_concrete",
		"1": "block/blue_wool",
		"2": "block/light_gray_concrete",
		"particle": "block/white_concrete"
	},
	"elements": [
		{
			"from": [4, 0, 4],
			"to": [12, 6, 12],
			"faces": {
				"north": {"uv": [0, 0, 8, 6], "texture": "#0"},
				"east": {"uv": [0, 0, 8, 6], "texture": "#0"},
				"south": {"uv": [0, 0, 8, 6], "texture": "#0"},
				"west": {"uv": [0, 0, 8, 6], "texture": "#0"},
				"up": {"uv": [0, 0, 8, 8], "rotation": 180, "texture": "#0"},
				"down": {"uv": [0, 0, 8, 8], "rotation": 180, "texture": "#0"}
			}
		},
		{
			"from": [1, 8, 13],
			"to": [13, 11, 16],
			"faces": {
				"north": {"uv": [0, 0, 12, 3], "texture": "#0"},
				"east": {"uv": [0, 0, 3, 3], "texture": "#0"},
				"south": {"uv": [0, 0, 12, 3], "texture": "#0"},
				"west": {"uv": [0, 0, 3, 3], "texture": "#0"},
				"up": {"uv": [0, 0, 12, 3], "rotation": 180, "texture": "#0"},
				"down": {"uv": [0, 0, 12, 3], "rotation": 180, "texture": "#0"}
			}
		},
		{
			"from": [13, 8, 1],
			"to": [15, 11, 16],
			"faces": {
				"north": {"uv": [0, 0, 2, 3], "texture": "#0"},
				"east": {"uv": [0, 0, 15, 3], "texture": "#0"},
				"south": {"uv": [0, 0, 2, 3], "texture": "#0"},
				"west": {"uv": [0, 0, 15, 3], "texture": "#0"},
				"up": {"uv": [0, 0, 2, 15], "rotation": 180, "texture": "#0"},
				"down": {"uv": [0, 0, 2, 15], "rotation": 180, "texture": "#0"}
			}
		},
		{
			"from": [1, 8, 1],
			"to": [3, 11, 13],
			"faces": {
				"north": {"uv": [0, 0, 2, 3], "texture": "#0"},
				"east": {"uv": [0, 0, 12, 3], "texture": "#0"},
				"south": {"uv": [0, 0, 2, 3], "texture": "#0"},
				"west": {"uv": [0, 0, 12, 3], "texture": "#0"},
				"up": {"uv": [0, 0, 2, 12], "rotation": 180, "texture": "#0"},
				"down": {"uv": [0, 0, 2, 12], "rotation": 180, "texture": "#0"}
			}
		},
		{
			"from": [3, 8, 1],
			"to": [13, 11, 3],
			"faces": {
				"north": {"uv": [0, 0, 10, 3], "texture": "#0"},
				"east": {"uv": [0, 0, 2, 3], "texture": "#0"},
				"south": {"uv": [0, 0, 10, 3], "texture": "#0"},
				"west": {"uv": [0, 0, 2, 3], "texture": "#0"},
				"up": {"uv": [0, 0, 10, 2], "rotation": 180, "texture": "#0"},
				"down": {"uv": [0, 0, 10, 2], "rotation": 180, "texture": "#0"}
			}
		},
		{
			"from": [2, 6, 2],
			"to": [14, 8, 14],
			"faces": {
				"north": {"uv": [0, 0, 12, 2], "texture": "#0"},
				"east": {"uv": [0, 0, 12, 2], "texture": "#0"},
				"south": {"uv": [0, 0, 12, 2], "texture": "#0"},
				"west": {"uv": [0, 0, 12, 2], "texture": "#0"},
				"up": {"uv": [0, 0, 12, 12], "rotation": 180, "texture": "#1"},
				"down": {"uv": [0, 0, 12, 12], "rotation": 180, "texture": "#0"}
			}
		},
		{
			"from": [7, 11, 13],
			"to": [9, 17, 15],
			"faces": {
				"north": {"uv": [0, 0, 2, 6], "texture": "#2"},
				"east": {"uv": [0, 0, 2, 6], "texture": "#2"},
				"south": {"uv": [0, 0, 2, 6], "texture": "#2"},
				"west": {"uv": [0, 0, 2, 6], "texture": "#2"},
				"up": {"uv": [0, 0, 2, 2], "rotation": 180, "texture": "#2"},
				"down": {"uv": [0, 0, 2, 2], "rotation": 180, "texture": "#0"}
			}
		},
		{
			"from": [7, 15, 7],
			"to": [9, 17, 13],
			"faces": {
				"north": {"uv": [0, 0, 2, 2], "texture": "#2"},
				"east": {"uv": [0, 0, 6, 2], "texture": "#2"},
				"south": {"uv": [0, 0, 2, 2], "texture": "#2"},
				"west": {"uv": [0, 0, 6, 2], "texture": "#2"},
				"up": {"uv": [0, 0, 2, 6], "rotation": 180, "texture": "#2"},
				"down": {"uv": [0, 0, 2, 6], "rotation": 180, "texture": "#0"}
			}
		},
		{
			"from": [7.4, 14.3, 7.4],
			"to": [8.7, 15.7, 9],
			"faces": {
				"north": {"uv": [0, 0, 1.3, 1.4], "texture": "#2"},
				"east": {"uv": [0, 0, 1.6, 1.4], "texture": "#2"},
				"south": {"uv": [0, 0, 1.3, 1.4], "texture": "#2"},
				"west": {"uv": [0, 0, 1.6, 1.4], "texture": "#2"},
				"up": {"uv": [0, 0, 1.3, 1.6], "rotation": 180, "texture": "#2"},
				"down": {"uv": [0, 0, 1.3, 1.6], "rotation": 180, "texture": "#0"}
			}
		}
	],
	"display": {
		"thirdperson_righthand": {
			"translation": [0, 2.5, 0],
			"scale": [0.5, 0.5, 0.5]
		},
		"thirdperson_lefthand": {
			"translation": [0, 2.5, 0],
			"scale": [0.5, 0.5, 0.5]
		},
		"firstperson_righthand": {
			"scale": [0.5, 0.5, 0.5]
		},
		"firstperson_lefthand": {
			"scale": [0.5, 0.5, 0.5]
		},
		"ground": {
			"scale": [0.5, 0.5, 0.5]
		},
		"gui": {
			"rotation": [24, 180, 0]
		}
	},
	"groups": [
		0,
		{
			"name": "group",
			"origin": [0, 0, 0],
			"color": 0,
			"children": [1, 2, 3, 4, 5, 6, 7, 8]
		}
	]
}