{
	"credit": "Made with Blockbench",
	"textures": {
		"2": "block/black_concrete",
		"3": "block/glass"
	},
	"elements": [
		{
			"from": [14, 0, 0],
			"to": [16, 15, 1],
			"faces": {
				"north": {"uv": [0, 0, 2, 16], "texture": "#2"},
				"east": {"uv": [0, 0, 1, 16], "texture": "#2"},
				"south": {"uv": [0, 0, 2, 16], "texture": "#2"},
				"west": {"uv": [0, 0, 1, 16], "texture": "#2"},
				"up": {"uv": [0, 0, 2, 1], "texture": "#2"},
				"down": {"uv": [0, 0, 2, 1], "texture": "#2"}
			}
		},
		{
			"from": [14, 0, 14],
			"to": [16, 15, 16],
			"faces": {
				"north": {"uv": [0, 0, 2, 16], "texture": "#2"},
				"east": {"uv": [0, 0, 2, 16], "texture": "#2"},
				"south": {"uv": [0, 0, 2, 16], "texture": "#2"},
				"west": {"uv": [0, 0, 2, 16], "texture": "#2"},
				"up": {"uv": [0, 0, 2, 2], "texture": "#2"},
				"down": {"uv": [0, 0, 2, 2], "texture": "#2"}
			}
		},
		{
			"from": [0, 0, 14],
			"to": [2, 15, 16],
			"faces": {
				"north": {"uv": [0, 0, 2, 16], "texture": "#2"},
				"east": {"uv": [0, 0, 2, 16], "texture": "#2"},
				"south": {"uv": [0, 0, 2, 16], "texture": "#2"},
				"west": {"uv": [0, 0, 2, 16], "texture": "#2"},
				"up": {"uv": [0, 0, 2, 2], "texture": "#2"},
				"down": {"uv": [0, 0, 2, 2], "texture": "#2"}
			}
		},
		{
			"from": [0, 0, 0],
			"to": [2, 15, 1],
			"faces": {
				"north": {"uv": [0, 0, 2, 16], "texture": "#2"},
				"east": {"uv": [0, 0, 1, 16], "texture": "#2"},
				"south": {"uv": [0, 0, 2, 16], "texture": "#2"},
				"west": {"uv": [0, 0, 1, 16], "texture": "#2"},
				"up": {"uv": [0, 0, 2, 1], "texture": "#2"},
				"down": {"uv": [0, 0, 2, 1], "texture": "#2"}
			}
		},
		{
			"from": [0, 15, 0],
			"to": [16, 16, 16],
			"faces": {
				"north": {"uv": [0, 0, 16, 1], "texture": "#2"},
				"east": {"uv": [0, 0, 16, 1], "texture": "#2"},
				"south": {"uv": [0, 0, 16, 1], "texture": "#2"},
				"west": {"uv": [0, 0, 16, 1], "texture": "#2"},
				"up": {"uv": [0, 0, 16, 16], "texture": "#2"},
				"down": {"uv": [0, 0, 16, 16], "texture": "#2"}
			}
		},
		{
			"from": [2, 0, 14.25],
			"to": [14, 15, 15.75],
			"faces": {
				"north": {"uv": [0, 0, 16, 15], "texture": "#3"},
				"east": {"uv": [0, 0, 1.75, 16], "texture": "#3"},
				"south": {"uv": [0, 0, 16, 15], "texture": "#3"},
				"west": {"uv": [0, 0, 1.75, 16], "texture": "#3"},
				"up": {"uv": [0, 0, 12, 1.75], "texture": "#missing"},
				"down": {"uv": [11, 1, 12, 1.75], "texture": "#3"}
			}
		},
		{
			"from": [14.25, 0, 1],
			"to": [15.75, 15, 14],
			"faces": {
				"north": {"uv": [0, 0, 1.5, 16], "texture": "#3"},
				"east": {"uv": [0, 0, 16, 15], "texture": "#3"},
				"south": {"uv": [0, 0, 1.5, 16], "texture": "#3"},
				"west": {"uv": [0, 0, 16, 15], "texture": "#3"},
				"up": {"uv": [0, 0, 1.5, 14], "texture": "#missing"},
				"down": {"uv": [12, 6, 1.5, 14], "texture": "#3"}
			}
		},
		{
			"from": [0.25, 0, 1],
			"to": [1.75, 15, 14],
			"faces": {
				"north": {"uv": [0, 0, 1.5, 16], "texture": "#3"},
				"east": {"uv": [0, 0, 16, 15], "texture": "#3"},
				"south": {"uv": [0, 0, 1.5, 16], "texture": "#3"},
				"west": {"uv": [0, 0, 16, 15], "texture": "#3"},
				"up": {"uv": [0, 0, 1.5, 14], "texture": "#missing"},
				"down": {"uv": [8, 3, 10.5, 14], "texture": "#3"}
			}
		}
	],
	"groups": [
		{
			"name": "group",
			"origin": [0, 0, 0],
			"color": 0,
			"children": [0, 1, 2, 3, 4]
		},
		{
			"name": "group",
			"origin": [0, 0, 0],
			"color": 0,
			"children": [5, 6, 7]
		}
	]
}