{
	"credit": "Made with Blockbench",
	"textures": {
		"3": "block/oak_planks",
		"4": "block/black_concrete",
		"5": "block/white_concrete_powder"
	},
	"elements": [
		{
			"from": [2, 0, 2],
			"to": [14, 16, 14],
			"faces": {
				"north": {"uv": [0, 0, 12, 16], "texture": "#3"},
				"east": {"uv": [0, 0, 12, 16], "texture": "#3"},
				"south": {"uv": [0, 0, 12, 16], "texture": "#3"},
				"west": {"uv": [0, 0, 12, 16], "texture": "#3"},
				"up": {"uv": [0, 0, 12, 12], "texture": "#3"},
				"down": {"uv": [0, 0, 12, 12], "texture": "#3"}
			}
		},
		{
			"from": [4, 5, 0.9],
			"to": [5, 11, 2.9],
			"faces": {
				"north": {"uv": [0, 0, 1, 6], "texture": "#4"},
				"east": {"uv": [0, 0, 2, 6], "texture": "#4"},
				"south": {"uv": [0, 0, 1, 6], "texture": "#4"},
				"west": {"uv": [0, 0, 2, 6], "texture": "#4"},
				"up": {"uv": [0, 0, 1, 2], "texture": "#4"},
				"down": {"uv": [0, 0, 1, 2], "texture": "#4"}
			}
		},
		{
			"from": [5, 4, 0.9],
			"to": [11, 5, 2.9],
			"faces": {
				"north": {"uv": [0, 0, 6, 1], "texture": "#4"},
				"east": {"uv": [0, 0, 2, 1], "texture": "#4"},
				"south": {"uv": [0, 0, 6, 1], "texture": "#4"},
				"west": {"uv": [0, 0, 2, 1], "texture": "#4"},
				"up": {"uv": [0, 0, 6, 2], "texture": "#4"},
				"down": {"uv": [0, 0, 6, 2], "texture": "#4"}
			}
		},
		{
			"from": [11, 5, 0.9],
			"to": [12, 11, 2.9],
			"faces": {
				"north": {"uv": [0, 0, 1, 6], "texture": "#4"},
				"east": {"uv": [0, 0, 2, 6], "texture": "#4"},
				"south": {"uv": [0, 0, 1, 6], "texture": "#4"},
				"west": {"uv": [0, 0, 2, 6], "texture": "#4"},
				"up": {"uv": [0, 0, 1, 2], "texture": "#4"},
				"down": {"uv": [0, 0, 1, 2], "texture": "#4"}
			}
		},
		{
			"from": [5, 11, 0.9],
			"to": [11, 12, 2.9],
			"faces": {
				"north": {"uv": [0, 0, 6, 1], "texture": "#4"},
				"east": {"uv": [0, 0, 2, 1], "texture": "#4"},
				"south": {"uv": [0, 0, 6, 1], "texture": "#4"},
				"west": {"uv": [0, 0, 2, 1], "texture": "#4"},
				"up": {"uv": [0, 0, 6, 2], "texture": "#4"},
				"down": {"uv": [0, 0, 6, 2], "texture": "#4"}
			}
		},
		{
			"from": [5, 5, 1.5],
			"to": [11, 11, 3.5],
			"faces": {
				"north": {"uv": [0, 0, 6, 6], "texture": "#5"},
				"east": {"uv": [0, 0, 2, 6], "texture": "#4"},
				"south": {"uv": [0, 0, 6, 6], "texture": "#4"},
				"west": {"uv": [0, 0, 2, 6], "texture": "#4"},
				"up": {"uv": [0, 0, 6, 2], "texture": "#4"},
				"down": {"uv": [0, 0, 6, 2], "texture": "#4"}
			}
		},
		{
			"from": [6, 6, 1.2],
			"to": [10, 10, 3.2],
			"faces": {
				"north": {"uv": [0, 0, 4, 4], "texture": "#4"},
				"east": {"uv": [0, 0, 2, 4], "texture": "#4"},
				"south": {"uv": [0, 0, 4, 4], "texture": "#4"},
				"west": {"uv": [0, 0, 2, 4], "texture": "#4"},
				"up": {"uv": [0, 0, 4, 2], "texture": "#4"},
				"down": {"uv": [0, 0, 4, 2], "texture": "#4"}
			}
		}
	],
	"display": {
		"thirdperson_righthand": {
			"scale": [0.5, 0.5, 0.5]
		},
		"thirdperson_lefthand": {
			"scale": [0.5, 0.5, 0.5]
		},
		"firstperson_righthand": {
			"scale": [0.5, 0.5, 0.5]
		},
		"firstperson_lefthand": {
			"scale": [0.5, 0.5, 0.5]
		},
		"ground": {
			"scale": [0.5, 0.5, 0.5]
		},
		"gui": {
			"rotation": [0, 180, 0]
		}
	},
	"groups": [
		0,
		{
			"name": "group",
			"origin": [0, 0, 0],
			"color": 0,
			"children": [1, 2, 3, 4, 5, 6]
		}
	]
}