{
	"credit": "Made with Blockbench",
	"textures": {
		"0": "block/iron_block",
		"1": "block/black_concrete",
		"2": "block/dark_oak_planks",
		"particle": "block/iron_block"
	},
	"elements": [
		{
			"from": [6.7, 7.7, -3.1],
			"to": [8.7, 8, -2],
			"faces": {
				"north": {"uv": [0, 0, 2, 0.3], "texture": "#1"},
				"east": {"uv": [0, 0, 1.1, 0.3], "texture": "#1"},
				"south": {"uv": [0, 0, 2, 0.3], "texture": "#missing"},
				"west": {"uv": [0, 0, 1.1, 0.3], "texture": "#1"},
				"up": {"uv": [0, 0, 2, 1.1], "texture": "#1"},
				"down": {"uv": [0, 0, 2, 1.1], "texture": "#1"}
			}
		},
		{
			"from": [4, 0.7, 0],
			"to": [12, 10.7, 16],
			"faces": {
				"north": {"uv": [0, 0, 8, 10], "texture": "#0"},
				"east": {"uv": [0, 0, 16, 10], "texture": "#0"},
				"south": {"uv": [0, 0, 8, 10], "texture": "#0"},
				"west": {"uv": [0, 0, 16, 10], "texture": "#0"},
				"up": {"uv": [0, 0, 8, 16], "texture": "#0"},
				"down": {"uv": [0, 0, 8, 16], "texture": "#0"}
			}
		},
		{
			"from": [4.5, 0, 1.1],
			"to": [5.5, 1, 2.1],
			"faces": {
				"north": {"uv": [16, 16, 16, 16], "texture": "#2"},
				"east": {"uv": [0, 0, 16, 16], "texture": "#2"},
				"south": {"uv": [0, 1, 16, 16], "texture": "#2"},
				"west": {"uv": [0, 0, 1, 1], "texture": "#2"},
				"up": {"uv": [0, 0, 1, 1], "texture": "#0"},
				"down": {"uv": [0, 0, 1, 1], "texture": "#2"}
			}
		},
		{
			"from": [7.2, 7.6, -2],
			"to": [8.4, 8, 1],
			"faces": {
				"north": {"uv": [0, 0, 1.2, 0.4], "texture": "#0"},
				"east": {"uv": [0, 0, 3, 0.4], "texture": "#0"},
				"south": {"uv": [0, 0, 1.2, 0.4], "texture": "#0"},
				"west": {"uv": [0, 0, 3, 0.4], "texture": "#0"},
				"up": {"uv": [0, 0, 1.2, 3], "texture": "#0"},
				"down": {"uv": [0, 0, 1.2, 3], "texture": "#0"}
			}
		},
		{
			"from": [9, 11, 2],
			"to": [10, 13, 14],
			"faces": {
				"north": {"uv": [0, 0, 1, 2], "texture": "#1"},
				"east": {"uv": [0, 0, 12, 2], "texture": "#1"},
				"south": {"uv": [0, 0, 1, 2], "texture": "#1"},
				"west": {"uv": [0, 0, 12, 2], "texture": "#1"},
				"up": {"uv": [0, 0, 1, 12], "texture": "#1"},
				"down": {"uv": [0, 0, 1, 12], "texture": "#missing"}
			}
		},
		{
			"from": [6, 10, 2],
			"to": [7, 13, 14],
			"faces": {
				"north": {"uv": [0, 0, 1, 3], "texture": "#1"},
				"east": {"uv": [0, 0, 12, 3], "texture": "#1"},
				"south": {"uv": [0, 0, 1, 3], "texture": "#1"},
				"west": {"uv": [0, 0, 12, 3], "texture": "#1"},
				"up": {"uv": [0, 0, 1, 12], "texture": "#1"},
				"down": {"uv": [0, 0, 1, 12], "texture": "#missing"}
			}
		},
		{
			"from": [10, 0, 1],
			"to": [11, 2, 2],
			"faces": {
				"north": {"uv": [0, 0, 16, 16], "texture": "#2"},
				"east": {"uv": [0, 0, 16, 16], "texture": "#2"},
				"south": {"uv": [0, 0, 16, 16], "texture": "#2"},
				"west": {"uv": [0, 0, 16, 16], "texture": "#2"},
				"up": {"uv": [0, 0, 1, 1], "texture": "#0"},
				"down": {"uv": [0, 0, 1, 1], "texture": "#2"}
			}
		},
		{
			"from": [10, 0, 14],
			"to": [11, 1, 15],
			"faces": {
				"north": {"uv": [0, 0, 16, 16], "texture": "#2"},
				"east": {"uv": [0, 0, 16, 16], "texture": "#2"},
				"south": {"uv": [0, 0, 16, 16], "texture": "#2"},
				"west": {"uv": [0, 0, 1, 1], "texture": "#2"},
				"up": {"uv": [0, 0, 1, 1], "texture": "#0"},
				"down": {"uv": [0, 0, 1, 1], "texture": "#2"}
			}
		},
		{
			"from": [5, 0, 14],
			"to": [6, 1, 15],
			"faces": {
				"north": {"uv": [0, 0, 16, 16], "texture": "#2"},
				"east": {"uv": [0, 0, 16, 16], "texture": "#2"},
				"south": {"uv": [16, 16, 0, 1], "texture": "#2"},
				"west": {"uv": [0, 0, 1, 1], "texture": "#2"},
				"up": {"uv": [0, 0, 1, 1], "texture": "#0"},
				"down": {"uv": [1, 1, 1, 2], "texture": "#2"}
			}
		}
	],
	"groups": [
		0,
		{
			"name": "group",
			"origin": [0, 0, 0],
			"color": 0,
			"children": [1, 2, 3, 4, 5, 6, 7, 8]
		}
	]
}