{
	"credit": "Made with Blockbench",
	"textures": {
		"0": "block/light_gray_concrete",
		"1": "block/red_concrete",
		"2": "block/blue_concrete",
		"3": "block/yellow_concrete",
		"particle": "block/light_gray_concrete"
	},
	"elements": [
		{
			"from": [0, 0, 0],
			"to": [16, 3, 16],
			"faces": {
				"north": {"uv": [0, 0, 16, 3], "texture": "#0"},
				"east": {"uv": [0, 0, 16, 3], "texture": "#0"},
				"south": {"uv": [0, 0, 16, 3], "texture": "#0"},
				"west": {"uv": [0, 0, 16, 3], "texture": "#0"},
				"up": {"uv": [0, 0, 16, 16], "texture": "#0"},
				"down": {"uv": [0, 0, 16, 16], "texture": "#0"}
			}
		},
		{
			"from": [0, 3, 0],
			"to": [1, 14, 3],
			"faces": {
				"north": {"uv": [0, 0, 1, 11], "texture": "#0"},
				"east": {"uv": [0, 0, 3, 11], "texture": "#0"},
				"south": {"uv": [0, 0, 1, 11], "texture": "#0"},
				"west": {"uv": [0, 0, 3, 11], "texture": "#0"},
				"up": {"uv": [0, 0, 1, 3], "texture": "#0"},
				"down": {"uv": [0, 0, 1, 3], "texture": "#0"}
			}
		},
		{
			"from": [15, 3, 0],
			"to": [16, 14, 3],
			"faces": {
				"north": {"uv": [0, 0, 1, 11], "texture": "#0"},
				"east": {"uv": [0, 0, 3, 11], "texture": "#0"},
				"south": {"uv": [0, 0, 1, 11], "texture": "#0"},
				"west": {"uv": [0, 0, 3, 11], "texture": "#0"},
				"up": {"uv": [0, 0, 1, 3], "texture": "#0"},
				"down": {"uv": [0, 0, 1, 3], "texture": "#0"}
			}
		},
		{
			"from": [0, 3, 3],
			"to": [16, 14, 16],
			"faces": {
				"north": {"uv": [0, 0, 16, 11], "texture": "#0"},
				"east": {"uv": [0, 0, 13, 11], "texture": "#0"},
				"south": {"uv": [0, 0, 16, 11], "texture": "#0"},
				"west": {"uv": [0, 0, 13, 11], "texture": "#0"},
				"up": {"uv": [0, 0, 16, 13], "texture": "#0"},
				"down": {"uv": [0, 0, 16, 13], "texture": "#0"}
			}
		},
		{
			"from": [11.25, 12, 0.75],
			"to": [13.75, 13, 3],
			"faces": {
				"north": {"uv": [0, 0, 2.5, 1], "texture": "#0"},
				"east": {"uv": [0, 0, 2.25, 1], "texture": "#0"},
				"south": {"uv": [0, 0, 2.5, 1], "texture": "#0"},
				"west": {"uv": [0, 0, 2.25, 1], "texture": "#0"},
				"up": {"uv": [0, 0, 2.5, 2.25], "texture": "#0"},
				"down": {"uv": [0, 0, 2.5, 2.25], "texture": "#0"}
			}
		},
		{
			"from": [11.5, 9, 1],
			"to": [13.5, 12, 3],
			"faces": {
				"north": {"uv": [0, 0, 2, 3], "texture": "#1"},
				"east": {"uv": [0, 0, 2, 3], "texture": "#0"},
				"south": {"uv": [0, 0, 2, 3], "texture": "#0"},
				"west": {"uv": [0, 0, 2, 3], "texture": "#0"},
				"up": {"uv": [0, 0, 2, 2], "texture": "#0"},
				"down": {"uv": [0, 0, 2, 2], "texture": "#0"}
			}
		},
		{
			"from": [11.25, 7, 0.75],
			"to": [13.75, 8, 3],
			"faces": {
				"north": {"uv": [0, 0, 2.5, 1], "texture": "#0"},
				"east": {"uv": [0, 0, 2.25, 1], "texture": "#0"},
				"south": {"uv": [0, 0, 2.5, 1], "texture": "#0"},
				"west": {"uv": [0, 0, 2.25, 1], "texture": "#0"},
				"up": {"uv": [0, 0, 2.5, 2.25], "texture": "#0"},
				"down": {"uv": [0, 0, 2.5, 2.25], "texture": "#0"}
			}
		},
		{
			"from": [11.5, 4, 1],
			"to": [13.5, 7, 3],
			"faces": {
				"north": {"uv": [0, 0, 2, 3], "texture": "#2"},
				"east": {"uv": [0, 0, 2, 3], "texture": "#0"},
				"south": {"uv": [0, 0, 2, 3], "texture": "#0"},
				"west": {"uv": [0, 0, 2, 3], "texture": "#0"},
				"up": {"uv": [0, 0, 2, 2], "texture": "#0"},
				"down": {"uv": [0, 0, 2, 2], "texture": "#0"}
			}
		},
		{
			"from": [8.25, 12, 0.75],
			"to": [10.75, 13, 3],
			"faces": {
				"north": {"uv": [0, 0, 2.5, 1], "texture": "#0"},
				"east": {"uv": [0, 0, 2.25, 1], "texture": "#0"},
				"south": {"uv": [0, 0, 2.5, 1], "texture": "#0"},
				"west": {"uv": [0, 0, 2.25, 1], "texture": "#0"},
				"up": {"uv": [0, 0, 2.5, 2.25], "texture": "#0"},
				"down": {"uv": [0, 0, 2.5, 2.25], "texture": "#0"}
			}
		},
		{
			"from": [8.5, 9, 1],
			"to": [10.5, 12, 3],
			"faces": {
				"north": {"uv": [0, 0, 2, 3], "texture": "#3"},
				"east": {"uv": [0, 0, 2, 3], "texture": "#0"},
				"south": {"uv": [0, 0, 2, 3], "texture": "#0"},
				"west": {"uv": [0, 0, 2, 3], "texture": "#0"},
				"up": {"uv": [0, 0, 2, 2], "texture": "#0"},
				"down": {"uv": [0, 0, 2, 2], "texture": "#0"}
			}
		},
		{
			"from": [8.25, 7, 0.75],
			"to": [10.75, 8, 3],
			"faces": {
				"north": {"uv": [0, 0, 2.5, 1], "texture": "#0"},
				"east": {"uv": [0, 0, 2.25, 1], "texture": "#0"},
				"south": {"uv": [0, 0, 2.5, 1], "texture": "#0"},
				"west": {"uv": [0, 0, 2.25, 1], "texture": "#0"},
				"up": {"uv": [0, 0, 2.5, 2.25], "texture": "#0"},
				"down": {"uv": [0, 0, 2.5, 2.25], "texture": "#0"}
			}
		},
		{
			"from": [8.5, 4, 1],
			"to": [10.5, 7, 3],
			"faces": {
				"north": {"uv": [0, 0, 2, 3], "texture": "#1"},
				"east": {"uv": [0, 0, 2, 3], "texture": "#0"},
				"south": {"uv": [0, 0, 2, 3], "texture": "#0"},
				"west": {"uv": [0, 0, 2, 3], "texture": "#0"},
				"up": {"uv": [0, 0, 2, 2], "texture": "#0"},
				"down": {"uv": [0, 0, 2, 2], "texture": "#0"}
			}
		},
		{
			"from": [5.25, 12, 0.75],
			"to": [7.75, 13, 3],
			"faces": {
				"north": {"uv": [0, 0, 2.5, 1], "texture": "#0"},
				"east": {"uv": [0, 0, 2.25, 1], "texture": "#0"},
				"south": {"uv": [0, 0, 2.5, 1], "texture": "#0"},
				"west": {"uv": [0, 0, 2.25, 1], "texture": "#0"},
				"up": {"uv": [0, 0, 2.5, 2.25], "texture": "#0"},
				"down": {"uv": [0, 0, 2.5, 2.25], "texture": "#0"}
			}
		},
		{
			"from": [5.5, 9, 1],
			"to": [7.5, 12, 3],
			"faces": {
				"north": {"uv": [0, 0, 2, 3], "texture": "#2"},
				"east": {"uv": [0, 0, 2, 3], "texture": "#0"},
				"south": {"uv": [0, 0, 2, 3], "texture": "#0"},
				"west": {"uv": [0, 0, 2, 3], "texture": "#0"},
				"up": {"uv": [0, 0, 2, 2], "texture": "#0"},
				"down": {"uv": [0, 0, 2, 2], "texture": "#0"}
			}
		},
		{
			"from": [5.25, 7, 0.75],
			"to": [7.75, 8, 3],
			"faces": {
				"north": {"uv": [0, 0, 2.5, 1], "texture": "#0"},
				"east": {"uv": [0, 0, 2.25, 1], "texture": "#0"},
				"south": {"uv": [0, 0, 2.5, 1], "texture": "#0"},
				"west": {"uv": [0, 0, 2.25, 1], "texture": "#0"},
				"up": {"uv": [0, 0, 2.5, 2.25], "texture": "#0"},
				"down": {"uv": [0, 0, 2.5, 2.25], "texture": "#0"}
			}
		},
		{
			"from": [5.5, 4, 1],
			"to": [7.5, 7, 3],
			"faces": {
				"north": {"uv": [0, 0, 2, 3], "texture": "#3"},
				"east": {"uv": [0, 0, 2, 3], "texture": "#0"},
				"south": {"uv": [0, 0, 2, 3], "texture": "#0"},
				"west": {"uv": [0, 0, 2, 3], "texture": "#0"},
				"up": {"uv": [0, 0, 2, 2], "texture": "#0"},
				"down": {"uv": [0, 0, 2, 2], "texture": "#0"}
			}
		},
		{
			"from": [2.25, 12, 0.75],
			"to": [4.75, 13, 3],
			"faces": {
				"north": {"uv": [0, 0, 2.5, 1], "texture": "#0"},
				"east": {"uv": [0, 0, 2.25, 1], "texture": "#0"},
				"south": {"uv": [0, 0, 2.5, 1], "texture": "#0"},
				"west": {"uv": [0, 0, 2.25, 1], "texture": "#0"},
				"up": {"uv": [0, 0, 2.5, 2.25], "texture": "#0"},
				"down": {"uv": [0, 0, 2.5, 2.25], "texture": "#0"}
			}
		},
		{
			"from": [2.5, 9, 1],
			"to": [4.5, 12, 3],
			"faces": {
				"north": {"uv": [0, 0, 2, 3], "texture": "#1"},
				"east": {"uv": [0, 0, 2, 3], "texture": "#0"},
				"south": {"uv": [0, 0, 2, 3], "texture": "#0"},
				"west": {"uv": [0, 0, 2, 3], "texture": "#0"},
				"up": {"uv": [0, 0, 2, 2], "texture": "#0"},
				"down": {"uv": [0, 0, 2, 2], "texture": "#0"}
			}
		},
		{
			"from": [2.25, 7, 0.75],
			"to": [4.75, 8, 3],
			"faces": {
				"north": {"uv": [0, 0, 2.5, 1], "texture": "#0"},
				"east": {"uv": [0, 0, 2.25, 1], "texture": "#0"},
				"south": {"uv": [0, 0, 2.5, 1], "texture": "#0"},
				"west": {"uv": [0, 0, 2.25, 1], "texture": "#0"},
				"up": {"uv": [0, 0, 2.5, 2.25], "texture": "#0"},
				"down": {"uv": [0, 0, 2.5, 2.25], "texture": "#0"}
			}
		},
		{
			"from": [2.5, 4, 1],
			"to": [4.5, 7, 3],
			"faces": {
				"north": {"uv": [0, 0, 2, 3], "texture": "#2"},
				"east": {"uv": [0, 0, 2, 3], "texture": "#0"},
				"south": {"uv": [0, 0, 2, 3], "texture": "#0"},
				"west": {"uv": [0, 0, 2, 3], "texture": "#0"},
				"up": {"uv": [0, 0, 2, 2], "texture": "#0"},
				"down": {"uv": [0, 0, 2, 2], "texture": "#0"}
			}
		},
		{
			"from": [0, 14, 0],
			"to": [16, 16, 16],
			"faces": {
				"north": {"uv": [0, 0, 16, 2], "texture": "#0"},
				"east": {"uv": [0, 0, 16, 2], "texture": "#0"},
				"south": {"uv": [0, 0, 16, 2], "texture": "#0"},
				"west": {"uv": [0, 0, 16, 2], "texture": "#0"},
				"up": {"uv": [0, 0, 16, 16], "texture": "#0"},
				"down": {"uv": [0, 0, 16, 16], "texture": "#0"}
			}
		}
	],
	"groups": [
		0,
		{
			"name": "group",
			"origin": [0, 0, 0],
			"color": 0,
			"children": [1, 2, 3]
		},
		{
			"name": "can",
			"origin": [0, 0, 0],
			"color": 0,
			"children": [4, 5, 6, 7]
		},
		{
			"name": "can",
			"origin": [0, 0, 0],
			"color": 0,
			"children": [8, 9, 10, 11]
		},
		{
			"name": "can",
			"origin": [0, 0, 0],
			"color": 0,
			"children": [12, 13, 14, 15]
		},
		{
			"name": "can",
			"origin": [0, 0, 0],
			"color": 0,
			"children": [16, 17, 18, 19]
		},
		20
	]
}