{
	"credit": "Made with Blockbench",
	"textures": {
		"0": "block/oak_planks",
		"1": "block/white_concrete",
		"2": "block/cyan_terracotta",
		"particle": "block/oak_planks"
	},
	"elements": [
		{
			"from": [0, 0, 6],
			"to": [16, 16, 16],
			"faces": {
				"north": {"uv": [0, 0, 16, 16], "texture": "#0"},
				"east": {"uv": [0, 0, 10, 16], "texture": "#0"},
				"south": {"uv": [0, 0, 16, 16], "texture": "#0"},
				"west": {"uv": [0, 0, 10, 16], "texture": "#0"},
				"up": {"uv": [0, 0, 16, 10], "texture": "#0"},
				"down": {"uv": [0, 0, 16, 10], "texture": "#0"}
			}
		},
		{
			"from": [1, 2, 5],
			"to": [15, 15, 7],
			"faces": {
				"north": {"uv": [0, 0, 14, 13], "texture": "#1"},
				"east": {"uv": [0, 0, 2, 13], "texture": "#1"},
				"south": {"uv": [0, 0, 14, 13], "texture": "#1"},
				"west": {"uv": [0, 0, 2, 13], "texture": "#1"},
				"up": {"uv": [0, 0, 14, 2], "texture": "#1"},
				"down": {"uv": [0, 0, 14, 2], "texture": "#1"}
			}
		},
		{
			"from": [2, 3, 4],
			"to": [14, 4, 6],
			"faces": {
				"north": {"uv": [0, 0, 12, 1], "texture": "#2"},
				"east": {"uv": [0, 0, 2, 1], "texture": "#2"},
				"south": {"uv": [0, 0, 12, 1], "texture": "#2"},
				"west": {"uv": [0, 0, 2, 1], "texture": "#2"},
				"up": {"uv": [0, 0, 12, 2], "texture": "#2"},
				"down": {"uv": [0, 0, 12, 2], "texture": "#2"}
			}
		}
	],
	"display": {
		"thirdperson_righthand": {
			"scale": [0.5, 0.5, 0.5]
		},
		"thirdperson_lefthand": {
			"scale": [0.5, 0.5, 0.5]
		},
		"firstperson_righthand": {
			"scale": [0.5, 0.5, 0.5]
		},
		"firstperson_lefthand": {
			"scale": [0.5, 0.5, 0.5]
		},
		"ground": {
			"scale": [0.5, 0.5, 0.5]
		},
		"gui": {
			"rotation": [20, 132, 0],
			"translation": [-1.25, 0, 0],
			"scale": [0.5, 0.5, 0.5]
		}
	}
}