{
	"credit": "Made with Blockbench",
	"textures": {
		"4": "block/white_concrete",
		"5": "block/light_gray_concrete",
		"6": "block/glass",
		"7": "block/gray_concrete"
	},
	"elements": [
		{
			"from": [0, 0, 0],
			"to": [16, 18, 16],
			"rotation": {"angle": 0, "axis": "y", "origin": [0, -5, 0]},
			"faces": {
				"north": {"uv": [0, 0, 16, 16], "texture": "#4"},
				"east": {"uv": [0, 0, 16, 16], "texture": "#4"},
				"south": {"uv": [0, 0, 16, 16], "texture": "#4"},
				"west": {"uv": [0, 0, 16, 16], "texture": "#4"},
				"up": {"uv": [0, 0, 16, 16], "texture": "#4"},
				"down": {"uv": [0, 0, 16, 16], "texture": "#4"}
			}
		},
		{
			"from": [0, 6.58099, 6.64745],
			"to": [16, 8.58099, 22.64745],
			"rotation": {"angle": -22.5, "axis": "x", "origin": [0, -3.41901, -20.35255]},
			"faces": {
				"north": {"uv": [0, 0, 16, 2], "rotation": 180, "texture": "#4"},
				"east": {"uv": [0, 0, 2, 16], "rotation": 270, "texture": "#4"},
				"south": {"uv": [0, 0, 16, 2], "texture": "#4"},
				"west": {"uv": [0, 0, 2, 16], "rotation": 90, "texture": "#4"},
				"up": {"uv": [0, 0, 16, 16], "rotation": 180, "texture": "#4"},
				"down": {"uv": [0, 0, 16, 16], "texture": "#4"}
			}
		},
		{
			"from": [0, 18, 14],
			"to": [16, 23.8, 16],
			"rotation": {"angle": 0, "axis": "y", "origin": [0, -5, 0]},
			"faces": {
				"north": {"uv": [0, 0, 16, 5.8], "texture": "#4"},
				"east": {"uv": [0, 0, 2, 5.8], "texture": "#4"},
				"south": {"uv": [0, 0, 16, 5.8], "texture": "#4"},
				"west": {"uv": [0, 0, 2, 5.8], "texture": "#4"},
				"up": {"uv": [0, 0, 16, 2], "texture": "#4"},
				"down": {"uv": [0, 0, 16, 2], "texture": "#4"}
			}
		},
		{
			"from": [0, 22.1, 14.7],
			"to": [16, 24.1, 16],
			"rotation": {"angle": 0, "axis": "y", "origin": [0, -5, 0]},
			"faces": {
				"north": {"uv": [0, 0, 16, 2], "texture": "#4"},
				"east": {"uv": [0, 0, 1.3, 2], "texture": "#4"},
				"south": {"uv": [0, 0, 16, 2], "texture": "#4"},
				"west": {"uv": [0, 0, 1.3, 2], "texture": "#4"},
				"up": {"uv": [0, 0, 16, 1.3], "texture": "#4"},
				"down": {"uv": [0, 0, 16, 1.3], "texture": "#4"}
			}
		},
		{
			"from": [14, 18, 5],
			"to": [16, 19.8, 14],
			"rotation": {"angle": 0, "axis": "y", "origin": [0, -5, 0]},
			"faces": {
				"north": {"uv": [0, 0, 2, 1.8], "texture": "#4"},
				"east": {"uv": [0, 0, 9, 1.8], "texture": "#4"},
				"south": {"uv": [0, 0, 2, 1.8], "texture": "#4"},
				"west": {"uv": [0, 0, 9, 1.8], "texture": "#4"},
				"up": {"uv": [0, 0, 2, 9], "texture": "#4"},
				"down": {"uv": [0, 0, 2, 9], "texture": "#4"}
			}
		},
		{
			"from": [14, 19, 9.5],
			"to": [16, 21.8, 14],
			"rotation": {"angle": 0, "axis": "y", "origin": [0, -5, 0]},
			"faces": {
				"north": {"uv": [0, 0, 2, 2.8], "texture": "#4"},
				"east": {"uv": [0, 0, 4.5, 2.8], "texture": "#4"},
				"south": {"uv": [0, 0, 2, 2.8], "texture": "#4"},
				"west": {"uv": [0, 0, 4.5, 2.8], "texture": "#4"},
				"up": {"uv": [0, 0, 2, 4.5], "texture": "#4"},
				"down": {"uv": [0, 0, 2, 4.5], "texture": "#4"}
			}
		},
		{
			"from": [0, 18, 5],
			"to": [2, 19.8, 14],
			"rotation": {"angle": 0, "axis": "y", "origin": [0, -5, 0]},
			"faces": {
				"north": {"uv": [0, 0, 2, 1.8], "texture": "#4"},
				"east": {"uv": [0, 0, 9, 1.8], "texture": "#4"},
				"south": {"uv": [0, 0, 2, 1.8], "texture": "#4"},
				"west": {"uv": [0, 0, 9, 1.8], "texture": "#4"},
				"up": {"uv": [0, 0, 2, 9], "texture": "#4"},
				"down": {"uv": [0, 0, 2, 9], "texture": "#4"}
			}
		},
		{
			"from": [0, 19, 9.5],
			"to": [2, 21.8, 14],
			"rotation": {"angle": 0, "axis": "y", "origin": [0, -5, 0]},
			"faces": {
				"north": {"uv": [0, 0, 2, 2.8], "texture": "#4"},
				"east": {"uv": [0, 0, 4.5, 2.8], "texture": "#4"},
				"south": {"uv": [0, 0, 2, 2.8], "texture": "#4"},
				"west": {"uv": [0, 0, 4.5, 2.8], "texture": "#4"},
				"up": {"uv": [0, 0, 2, 4.5], "texture": "#4"},
				"down": {"uv": [0, 0, 2, 4.5], "texture": "#4"}
			}
		},
		{
			"from": [-5, 15, 6],
			"to": [-1, 16, 10],
			"rotation": {"angle": 0, "axis": "y", "origin": [-1, -5, 0]},
			"faces": {
				"north": {"uv": [0, 0, 4, 1], "texture": "#5"},
				"east": {"uv": [0, 0, 4, 1], "texture": "#5"},
				"south": {"uv": [0, 0, 4, 1], "texture": "#5"},
				"west": {"uv": [0, 0, 4, 1], "texture": "#5"},
				"up": {"uv": [0, 0, 4, 4], "texture": "#5"},
				"down": {"uv": [0, 0, 4, 4], "texture": "#5"}
			}
		},
		{
			"from": [-4, 3, 7],
			"to": [-2, 15, 9],
			"rotation": {"angle": 0, "axis": "y", "origin": [-1, -5, 0]},
			"faces": {
				"north": {"uv": [0, 0, 2, 15], "texture": "#5"},
				"east": {"uv": [0, 0, 2, 15], "texture": "#5"},
				"south": {"uv": [0, 0, 2, 15], "texture": "#5"},
				"west": {"uv": [0, 0, 2, 15], "texture": "#5"},
				"up": {"uv": [0, 0, 2, 2], "texture": "#5"},
				"down": {"uv": [0, 0, 2, 2], "texture": "#5"}
			}
		},
		{
			"from": [-4.5, 11, 6.5],
			"to": [-1.5, 12, 9.5],
			"rotation": {"angle": 0, "axis": "y", "origin": [-1, -5, 0]},
			"faces": {
				"north": {"uv": [0, 0, 3, 1], "texture": "#5"},
				"east": {"uv": [0, 0, 3, 1], "texture": "#5"},
				"south": {"uv": [0, 0, 3, 1], "texture": "#5"},
				"west": {"uv": [0, 0, 3, 1], "texture": "#5"},
				"up": {"uv": [0, 0, 3, 3], "texture": "#5"},
				"down": {"uv": [0, 0, 3, 3], "texture": "#5"}
			}
		},
		{
			"from": [-4.5, 9, 6.5],
			"to": [-1.5, 10, 9.5],
			"rotation": {"angle": 0, "axis": "y", "origin": [-1, -5, 0]},
			"faces": {
				"north": {"uv": [0, 0, 3, 1], "texture": "#5"},
				"east": {"uv": [0, 0, 3, 1], "texture": "#5"},
				"south": {"uv": [0, 0, 3, 1], "texture": "#5"},
				"west": {"uv": [0, 0, 3, 1], "texture": "#5"},
				"up": {"uv": [0, 0, 3, 3], "texture": "#5"},
				"down": {"uv": [0, 0, 3, 3], "texture": "#5"}
			}
		},
		{
			"from": [-4.5, 7, 6.5],
			"to": [-1.5, 8, 9.5],
			"rotation": {"angle": 0, "axis": "y", "origin": [-1, -5, 0]},
			"faces": {
				"north": {"uv": [0, 0, 3, 1], "texture": "#5"},
				"east": {"uv": [0, 0, 3, 1], "texture": "#5"},
				"south": {"uv": [0, 0, 3, 1], "texture": "#5"},
				"west": {"uv": [0, 0, 3, 1], "texture": "#5"},
				"up": {"uv": [0, 0, 3, 3], "texture": "#5"},
				"down": {"uv": [0, 0, 3, 3], "texture": "#5"}
			}
		},
		{
			"from": [-4.5, 5, 6.5],
			"to": [-1.5, 6, 9.5],
			"rotation": {"angle": 0, "axis": "y", "origin": [-1, -5, 0]},
			"faces": {
				"north": {"uv": [0, 0, 3, 1], "texture": "#5"},
				"east": {"uv": [0, 0, 3, 1], "texture": "#5"},
				"south": {"uv": [0, 0, 3, 1], "texture": "#5"},
				"west": {"uv": [0, 0, 3, 1], "texture": "#5"},
				"up": {"uv": [0, 0, 3, 3], "texture": "#5"},
				"down": {"uv": [0, 0, 3, 3], "texture": "#5"}
			}
		},
		{
			"from": [-1.7039, 1.45672, 7],
			"to": [0.2961, 3.45672, 9],
			"rotation": {"angle": 22.5, "axis": "z", "origin": [-1.7039, -2.54328, 0]},
			"faces": {
				"north": {"uv": [0, 0, 2, 2], "texture": "#5"},
				"east": {"uv": [0, 0, 2, 2], "texture": "#5"},
				"south": {"uv": [0, 0, 2, 2], "texture": "#5"},
				"west": {"uv": [0, 0, 2, 2], "texture": "#5"},
				"up": {"uv": [0, 0, 2, 2], "texture": "#5"},
				"down": {"uv": [0, 0, 2, 2], "texture": "#5"}
			}
		},
		{
			"from": [-3.23463, 1.15224, 7],
			"to": [-0.23463, 3.15224, 9],
			"rotation": {"angle": 0, "axis": "y", "origin": [-5.46927, 4.30448, 14]},
			"faces": {
				"north": {"uv": [0, 0, 3, 2], "texture": "#5"},
				"east": {"uv": [0, 0, 2, 2], "texture": "#5"},
				"south": {"uv": [0, 0, 3, 2], "texture": "#5"},
				"west": {"uv": [0, 0, 2, 2], "texture": "#5"},
				"up": {"uv": [0, 0, 3, 2], "texture": "#5"},
				"down": {"uv": [0, 0, 3, 2], "texture": "#5"}
			}
		},
		{
			"from": [-4, 12.5, 5],
			"to": [-1, 14.5, 6],
			"rotation": {"angle": 0, "axis": "y", "origin": [-1, -5, 0]},
			"faces": {
				"north": {"uv": [0, 0, 3, 2], "texture": "#5"},
				"east": {"uv": [0, 0, 1, 2], "texture": "#5"},
				"south": {"uv": [0, 0, 3, 2], "texture": "#5"},
				"west": {"uv": [0, 0, 1, 2], "texture": "#5"},
				"up": {"uv": [0, 0, 3, 1], "texture": "#5"},
				"down": {"uv": [0, 0, 3, 1], "texture": "#5"}
			}
		},
		{
			"from": [-2, 12.5, 6],
			"to": [0, 14.5, 10],
			"rotation": {"angle": 0, "axis": "y", "origin": [-1, -5, 0]},
			"faces": {
				"north": {"uv": [0, 0, 2, 2], "texture": "#5"},
				"east": {"uv": [0, 0, 4, 2], "texture": "#5"},
				"south": {"uv": [0, 0, 2, 2], "texture": "#5"},
				"west": {"uv": [0, 0, 4, 2], "texture": "#5"},
				"up": {"uv": [0, 0, 2, 4], "texture": "#5"},
				"down": {"uv": [0, 0, 2, 4], "texture": "#5"}
			}
		},
		{
			"from": [-4, 12.5, 10],
			"to": [-1, 14.5, 11],
			"rotation": {"angle": 0, "axis": "y", "origin": [-1, -5, 0]},
			"faces": {
				"north": {"uv": [0, 0, 3, 2], "texture": "#5"},
				"east": {"uv": [0, 0, 1, 2], "texture": "#5"},
				"south": {"uv": [0, 0, 3, 2], "texture": "#5"},
				"west": {"uv": [0, 0, 1, 2], "texture": "#5"},
				"up": {"uv": [0, 0, 3, 1], "texture": "#5"},
				"down": {"uv": [0, 0, 3, 1], "texture": "#5"}
			}
		},
		{
			"from": [3, 14.75, 12],
			"to": [13, 16.75, 20],
			"rotation": {"angle": -22.5, "axis": "x", "origin": [0, -5, 0]},
			"faces": {
				"north": {"uv": [0, 0, 6, 1], "rotation": 180, "texture": "#6"},
				"east": {"uv": [0, 0, 2, 1], "rotation": 270, "texture": "#6"},
				"south": {"uv": [0, 0, 2, 1], "texture": "#6"},
				"west": {"uv": [0, 0, 3, 1], "rotation": 90, "texture": "#6"},
				"up": {"uv": [0, 0, 16, 16], "rotation": 180, "texture": "#6"},
				"down": {"uv": [0, 0, 16, 16], "texture": "#6"}
			}
		},
		{
			"from": [2, 15, 11],
			"to": [3, 17, 23],
			"rotation": {"angle": -22.5, "axis": "x", "origin": [0, -5, 0]},
			"faces": {
				"north": {"uv": [0, 0, 1, 2], "texture": "#4"},
				"east": {"uv": [0, 0, 12, 2], "texture": "#4"},
				"south": {"uv": [0, 0, 1, 2], "texture": "#4"},
				"west": {"uv": [0, 0, 12, 2], "texture": "#4"},
				"up": {"uv": [0, 0, 1, 12], "texture": "#4"},
				"down": {"uv": [0, 0, 1, 12], "texture": "#4"}
			}
		},
		{
			"from": [2, 15, 11],
			"to": [14, 17, 12],
			"rotation": {"angle": -22.5, "axis": "x", "origin": [0, -5, 0]},
			"faces": {
				"north": {"uv": [0, 0, 12, 2], "texture": "#4"},
				"east": {"uv": [0, 0, 1, 2], "texture": "#4"},
				"south": {"uv": [0, 0, 12, 2], "texture": "#4"},
				"west": {"uv": [0, 0, 1, 2], "texture": "#4"},
				"up": {"uv": [0, 0, 12, 1], "texture": "#4"},
				"down": {"uv": [0, 0, 12, 1], "texture": "#4"}
			}
		},
		{
			"from": [2, 15, 20],
			"to": [14, 17, 23],
			"rotation": {"angle": -22.5, "axis": "x", "origin": [0, -5, 0]},
			"faces": {
				"north": {"uv": [0, 0, 12, 2], "texture": "#4"},
				"east": {"uv": [0, 0, 3, 2], "texture": "#4"},
				"south": {"uv": [0, 0, 12, 2], "texture": "#4"},
				"west": {"uv": [0, 0, 3, 2], "texture": "#4"},
				"up": {"uv": [0, 0, 12, 3], "texture": "#4"},
				"down": {"uv": [0, 0, 12, 3], "texture": "#4"}
			}
		},
		{
			"from": [5, 15.25, 21.5],
			"to": [11, 17.25, 22.5],
			"rotation": {"angle": -22.5, "axis": "x", "origin": [0, -5, 0]},
			"faces": {
				"north": {"uv": [0, 0, 6, 2], "texture": "#7"},
				"east": {"uv": [0, 0, 1, 2], "texture": "#7"},
				"south": {"uv": [0, 0, 6, 2], "texture": "#7"},
				"west": {"uv": [0, 0, 1, 2], "texture": "#7"},
				"up": {"uv": [0, 0, 6, 1], "texture": "#7"},
				"down": {"uv": [0, 0, 6, 1], "texture": "#7"}
			}
		},
		{
			"from": [13, 15, 11],
			"to": [14, 17, 23],
			"rotation": {"angle": -22.5, "axis": "x", "origin": [0, -5, 0]},
			"faces": {
				"north": {"uv": [0, 0, 1, 2], "texture": "#4"},
				"east": {"uv": [0, 0, 12, 2], "texture": "#4"},
				"south": {"uv": [0, 0, 1, 2], "texture": "#4"},
				"west": {"uv": [0, 0, 12, 2], "texture": "#4"},
				"up": {"uv": [0, 0, 1, 12], "texture": "#4"},
				"down": {"uv": [0, 0, 1, 12], "texture": "#4"}
			}
		},
		{
			"from": [3, 14.3, 12],
			"to": [13, 16.3, 20],
			"rotation": {"angle": -22.5, "axis": "x", "origin": [0, -5, 0]},
			"faces": {
				"north": {"uv": [0, 0, 10, 2], "texture": "#4"},
				"east": {"uv": [0, 0, 8, 2], "texture": "#4"},
				"south": {"uv": [0, 0, 10, 2], "texture": "#4"},
				"west": {"uv": [0, 0, 8, 2], "texture": "#4"},
				"up": {"uv": [0, 0, 10, 8], "texture": "#7"},
				"down": {"uv": [0, 0, 10, 8], "texture": "#4"}
			}
		}
	],
	"display": {
		"thirdperson_righthand": {
			"scale": [0.5, 0.5, 0.5]
		},
		"thirdperson_lefthand": {
			"scale": [0.5, 0.5, 0.5]
		},
		"firstperson_righthand": {
			"scale": [0.5, 0.5, 0.5]
		},
		"firstperson_lefthand": {
			"scale": [0.5, 0.5, 0.5]
		},
		"gui": {
			"rotation": [27, 180, 0],
			"translation": [0, -3, 0],
			"scale": [0.5, 0.5, 0.5]
		}
	},
	"groups": [
		{
			"name": "group",
			"origin": [0, 0, 0],
			"color": 0,
			"children": []
		},
		{
			"name": "group",
			"origin": [0, 0, 0],
			"color": 0,
			"children": [
				0,
				1,
				2,
				3,
				4,
				5,
				6,
				7,
				{
					"name": "group",
					"origin": [0, 0, 0],
					"color": 0,
					"children": [8, 9, 10, 11, 12, 13, 14, 15, 16, 17, 18]
				},
				19,
				20,
				21,
				22,
				23,
				24,
				25
			]
		}
	]
}